{
	"name": {
		"text": "Ronin (Endgame)"
	},
	
	"armor_material": {
		"durability": 50,
		"damage_reduction_amounts": [4, 5, 6, 4],
		"enchantibility": 20,
		"toughness": 1.0,
		"sound": "item.armor.equip_generic"
	},
"creative_tab": "marvel",
 "description": {
        "text": "Endgame"
    },
	
	"abilities": [
		{
			"ability": "lucraftcore:resistance",
			"amount": 4,
			"operation": 0,
			"uuid": "b2930a55-fa9d-4124-bb58-2ba3169d1495"
		},
		{
			"ability": "lucraftcore:fall_resistance",
			"amount": 2,
			"operation": 0,
			"uuid": "b2930a55-fa9d-4124-bb58-2ba3169d1495"
		}
	],
	
	"armor_parts": {
	
		"head": {
			"openable": true,
			"glow": false,
			"name": {
				"text": "Ronin's Hood"
			},
			"textures": {
				"normal": "dfheroes:textures/suits/ronin_endgame/helmet.png",
				"normal_open": "dfheroes:textures/suits/ronin_endgame/helmet_open.png"
			},
			"item_texture": {
				"blockstate": "dfheroes:ronin_endgame_state"
			}
		},
		
		"chest": {
			"openable": false,
			"glow": false,
			"name": {
				"text": "Ronin's Coat"
			},
			"textures": {
				"normal": "dfheroes:textures/suits/ronin_endgame/chestplate.png",
				"normal_smallarms": "dfheroes:textures/suits/ronin_endgame/chestplate.png"
			},
			"item_texture": {
				"blockstate": "dfheroes:ronin_endgame_state"
			}
		},
		
		"legs": {
			"openable": false,
			"glow": false,
			"name": {
				"text": "Ronin's Pants"
			},
			"textures": {
				"normal": "dfheroes:textures/suits/ronin_endgame/legs.png"
			},
			"item_texture": {
				"blockstate": "dfheroes:ronin_endgame_state"
			}
		},
		
		"feet": {
			"openable": false,
			"glow": false,
			"name": {
				"text": "Ronin's Boots"
			},
			"textures": {
				"normal": "dfheroes:textures/suits/ronin_endgame/boots.png"
			},
			"item_texture": {
				"blockstate": "dfheroes:ronin_endgame_state"
			}
		}
	}
}