{
	"name": {
		"text": "Doctor Strange (MCU)"
	},

	"armor_material": {
		"durability": 50,
		"damage_reduction_amounts": [3, 4, 5, 3],
		"enchantibility": 15,
		"toughness": 0,
		"sound": "item.armor.equip_generic"
	},
"creative_tab": "marvel",
	"description": {
		"text": "MCU"
	},

	"abilities": [
		{
			"ability": "lucraftcore:resistance",
			"amount": 2,
			"operation": 0,
			"uuid": "b2930a55-fa9d-4124-bb58-2ba3169d1495"
		},
		{
			"ability": "lucraftcore:fall_resistance",
			"amount": 1,
			"operation": 0,
			"uuid": "b2930a55-fa9d-4124-bb58-2ba3169d1495"
		}
	],

	"armor_parts": {

		"chest": {
			"openable": true,
			"glow": true,
			"name": {
				"text": "Doctor Strange's Chest"
			},
			"textures": {
				"normal": "dfheroes:textures/suits/strange_iw/chestplate.png",
				"normal_open": "dfheroes:textures/suits/strange_iw/chestplate_open.png",
				"normal_smallarms": "dfheroes:textures/suits/strange_iw/chestplate.png",
				"glow": "dfheroes:textures/suits/strange_iw/eye_closed.png",
				"glow_open": "dfheroes:textures/suits/strange_iw/eye_open.png"
			},
			"item_texture": {
				"blockstate": "dfheroes:strange_iw"
			}
		},

		"legs": {
			"openable": false,
			"glow": false,
			"name": {
				"text": "Doctor Strange's Pants"
			},
			"textures": {
				"normal": "dfheroes:textures/suits/strange_iw/legs.png"

			},
			"item_texture": {
				"blockstate": "dfheroes:strange_iw"
			}
		},

		"feet": {
			"openable": false,
			"glow": false,
			"name": {
				"text": "Doctor Strange's Boots"
			},
			"textures": {
				"normal": "dfheroes:textures/suits/strange_iw/boots.png"

			},
			"item_texture": {
				"blockstate": "dfheroes:strange_iw"
			}
		}
	}
}