{
	"forge_marker": 1,
	"defaults": {
		"model": "builtin/generated",
		"textures": {
			"layer0": "blocks/dirt"
		},

		"transform": "forge:default-item"
	},

	"variants": {
		"chest": [{
			"textures": {
				"layer0": "wakanda:items/ancient_future_armor/ancient_future_armor_chestpiece"
			}
		}],

		"legs": [{
			"textures": {
				"layer0": "wakanda:items/ancient_future_armor/ancient_future_armor_leggings"
			}
		}],

		"feet": [{
			"textures": {
				"layer0": "wakanda:items/ancient_future_armor/ancient_future_armor_boots"
			}
		}]
	}
}