{
	"forge_marker": 1,
	"defaults": {
		"model": "builtin/generated",
		"textures": {
			"layer0": "blocks/dirt"
		},

		"transform": "forge:default-item"
	},

	"variants": {
		"head": [{
			"textures": {
				"layer0": "wakanda:items/black_panther_kotp/black_panther_kotp_mask"
			}
		}],
		
		"chest": [{
			"textures": {
				"layer0": "wakanda:items/black_panther_kotp/black_panther_kotp_chestpiece"
			}
		}],

		"legs": [{
			"textures": {
				"layer0": "wakanda:items/black_panther_kotp/black_panther_kotp_leggings"
			}
		}],

		"feet": [{
			"textures": {
				"layer0": "wakanda:items/black_panther_kotp/black_panther_kotp_boots"
			}
		}]
	}
}