{
	"forge_marker": 1,
	"defaults": {
		"model": "builtin/generated",
		"textures": {
			"layer0": "blocks/dirt"
		},

		"transform": "forge:default-item"
	},

	"variants": {
		"head": [{
			"textures": {
				"layer0": "wakanda:items/black_panther_19th/black_panther_19th_head"
			}
		}],
		
		"chest": [{
			"textures": {
				"layer0": "wakanda:items/black_panther_19th/black_panther_19th_torso"
			}
		}],

		"legs": [{
			"textures": {
				"layer0": "wakanda:items/black_panther_19th/black_panther_19th_legs"
			}
		}],

		"feet": [{
			"textures": {
				"layer0": "wakanda:items/black_panther_19th/black_panther_19th_feet"
			}
		}]
	}
}