{
	"forge_marker": 1,
	"defaults": {
		"model": "builtin/generated",
		"textures": {
			"layer0": "blocks/dirt"
		},

		"transform": "forge:default-item"
	},

	"variants": {
		"head": [{
			"textures": {
				"layer0": "wakanda:items/death_tiger/death_tigers_mask"
			}
		}],
		
		"chest": [{
			"textures": {
				"layer0": "wakanda:items/death_tiger/death_tigers_chestpiece"
			}
		}],

		"legs": [{
			"textures": {
				"layer0": "wakanda:items/death_tiger/death_tigers_leggings"
			}
		}],

		"feet": [{
			"textures": {
				"layer0": "wakanda:items/death_tiger/death_tigers_boots"
			}
		}]
	}
}