{
	"forge_marker": 1,
	"defaults": {
		"model": "builtin/generated",
		"textures": {
			"layer0": "blocks/dirt"
		},

		"transform": "forge:default-item"
	},

	"variants": {
		"chest": [{
			"textures": {
				"layer0": "wakanda:items/kiber_the_cruel/kiber_the_cruels_chestpiece"
			}
		}],

		"legs": [{
			"textures": {
				"layer0": "wakanda:items/kiber_the_cruel/kiber_the_cruels_leggings"
			}
		}],

		"feet": [{
			"textures": {
				"layer0": "wakanda:items/kiber_the_cruel/kiber_the_cruels_boots"
			}
		}]
	}
}