{
	"forge_marker": 1,
	"defaults": {
		"model": "builtin/generated",
		"textures": {
			"layer0": "blocks/dirt"
		},

		"transform": "forge:default-item"
	},

	"variants": {
		"head": [{
			"textures": {
				"layer0": "wakanda:items/queen_divine_justice/queen_divine_justices_glasses"
			}
		}],
		
		"chest": [{
			"textures": {
				"layer0": "wakanda:items/queen_divine_justice/queen_divine_justices_chestpiece"
			}
		}],

		"feet": [{
			"textures": {
				"layer0": "wakanda:items/queen_divine_justice/queen_divine_justices_boots"
			}
		}]
	}
}