{
	"forge_marker": 1,
	"defaults": {
		"model": "builtin/generated",
		"textures": {
			"layer0": "blocks/dirt"
		},

		"transform": "forge:default-item"
	},

	"variants": {
		"chest": [{
			"textures": {
				"layer0": "wakanda:items/slave_outfit_vol7/slave_outfit_vol7_chestpiece"
			}
		}],

		"legs": [{
			"textures": {
				"layer0": "wakanda:items/slave_outfit_vol7/slave_outfit_vol7_leggings"
			}
		}],

		"feet": [{
			"textures": {
				"layer0": "wakanda:items/slave_outfit_vol7/slave_outfit_vol7_boots"
			}
		}]
	}
}