{
	"forge_marker": 1,
	"defaults": {
		"model": "builtin/generated",
		"textures": {
			"layer0": "blocks/dirt"
		},

		"transform": "forge:default-item"
	},

	"variants": {
		"chest": [{
			"textures": {
				"layer0": "wakanda:items/tuxedo_tshan/tuxedo_tshans_jacket"
			}
		}],

		"legs": [{
			"textures": {
				"layer0": "wakanda:items/tuxedo_tshan/tuxedo_tshans_pants"
			}
		}],

		"feet": [{
			"textures": {
				"layer0": "wakanda:items/tuxedo_tshan/tuxedo_tshans_shoes"
			}
		}]
	}
}