{
	"name": {
		"text": "American Panther"
	},
	
	"armor_material": {
		"durability": 80,
		"damage_reduction_amounts": [5, 6, 8, 5],
		"enchantibility": 5,
		"toughness": 2.0,
		"sound": "item.armor.equip_generic"
	},

    "effects": [
        {
            "type": "name_change",
            "name": {
                "text": "American Panther"
			},
			"conditions": [
				{
					"type": "not",
					"conditions": [
						{
							"type": "open_armor",
							"slot": "helmet"
						}
					]
				}
			]
		}
	],

	"abilities": {
		"strength": {
			"ability": "lucraftcore:strength",
            "show_in_bar": false,		
            "title": {"text":"Strength"},		
			"icon": {"type": "texture", "texture": "wakanda:textures/icons/abilities/stats/strength.png"},				
			"amount": 3,
			"operation": 0,
			"uuid": "48a5f5da-6271-4c5b-9b0c-97c8e73c52cd"
		},	
		"sprint": {		
			"ability": "lucraftcore:sprint",
            "show_in_bar": false,		
            "title": {"text":"Sprint Speed"},		
			"icon": {"type": "texture", "texture": "wakanda:textures/icons/abilities/stats/sprint_speed.png"},					
			"amount": 0.001,
			"operation": 0,
			"uuid": "48a5f5da-6271-4c5b-9b0c-97c8e73c52cd"			
		},
		"jump_boost": {
			"ability": "lucraftcore:jump_boost",		
            "show_in_bar": false,		
            "title": {"text":"Jump Boost"},		
			"icon": {"type": "texture", "texture": "wakanda:textures/icons/abilities/stats/jump_boost.png"},		
			"amount": 2,
			"operation": 0,
			"uuid": "48a5f5da-6271-4c5b-9b0c-97c8e73c52cd"
		},
		"fall_resistance": {
			"ability": "lucraftcore:fall_resistance",
            "show_in_bar": false,		
            "title": {"text":"Fall Resistance"},		
			"icon": {"type": "texture", "texture": "wakanda:textures/icons/abilities/stats/fall_resistance.png"},				
			"amount": 15,
			"operation": 0,
			"uuid": "48a5f5da-6271-4c5b-9b0c-97c8e73c52cd"	
		},
		"step_assist": {
			"ability": "lucraftcore:step_assist",
            "show_in_bar": false,		
            "title": {"text":"Step Assist"},		
			"icon": {"type": "texture", "texture": "wakanda:textures/icons/abilities/stats/step_assist.png"},		
			"amount": 0.5,
			"operation": 0,
			"uuid": "48a5f5da-6271-4c5b-9b0c-97c8e73c52cd"
		}
	},
	
	"armor_parts": {
	
		"head": {
			"openable": true,
			"glow": false,
			"armor_model_scale": 0.5,
			"name": {
				"text": "American Panther's Mask"
			},
			"textures": {
				"normal": "wakanda:textures/armor/american_panther/american_panthers_mask.png",
				"normal_open": "wakanda:textures/armor/american_panther/american_panthers_mask_off.png"
			},
			"item_texture": {
				"blockstate": "wakanda:american_panther"
			}
		},
		
		"chest": {
			"openable": false,
			"glow": false,
			"armor_model_scale": 0.252,
			"name": {
				"text": "American Panther's Chestpiece"
			},
			"textures": {
				"normal": "wakanda:textures/armor/american_panther/american_panthers_chestpiece.png",
				"normal_smallarms": "wakanda:textures/armor/american_panther/american_panthers_chestpiece_small.png"
			},
			"item_texture": {
				"blockstate": "wakanda:american_panther"
			}
		},
		
		"legs": {
			"openable": false,
			"glow": false,
			"armor_model_scale": 0.25,
			"name": {
				"text": "American Panther's Leggings"
			},
			"textures": {
				"normal": "wakanda:textures/armor/american_panther/american_panthers_leggings.png"
			},
			"item_texture": {
				"blockstate": "wakanda:american_panther"
			}
		},
		
		"feet": {
			"openable": false,
			"glow": false,
			"armor_model_scale": 0.252,
			"name": {
				"text": "American Panther's Boots"
			},
			"textures": {
				"normal": "wakanda:textures/armor/american_panther/american_panthers_boots.png"
			},
			"item_texture": {
				"blockstate": "wakanda:american_panther"
			}
		}
	}
}