{
	"name": {
		"text": "Black Panther"
	},
	
	"armor_material": {
		"durability": 250,
		"damage_reduction_amounts": [3, 3, 3, 3],
		"enchantibility": 20,
		"toughness": 2.0,
		"sound": "item.armor.equip_generic"
	},

    "creative_tab": "panther_habit",
	
 "description": {
        "text": "Vol. 6"
    },
	
	"data": {
		"spider_sense": true
	},
	
    "effects": [
		{
			"type": "glowing_hand",
			"color": [0.5, 0, 1],
			"size": 1.4,
			"conditions": [
				{
					"type": "ability_enabled",
					"ability": "heroesexpansion:god_mode"
				},
				{
					"type": "always"
				}
			]
		},		
		
		{
            "type": "name_change",
            "name": {
                "text": "Black Panther"
            }
        }    
    ],
	
	"abilities": {
		"fall_resistance": {
			"ability": "lucraftcore:fall_resistance",
            "show_in_bar": false,		
            "title": {"text":"Fall Resistance"},		
			"icon": {"type": "texture", "texture": "wakanda:textures/icons/abilities/stats/fall_resistance.png"},			
			"amount": 100,
			"operation": 0,
			"uuid": "48a5f5da-6271-4c5b-9b0c-97c8e73c52cd"
		},
		"knockback_resistance": {
			"ability": "lucraftcore:knockback_resistance",
            "show_in_bar": false,		
            "title": {"text":"Knockback Resistance"},		
			"icon": {"type": "texture", "texture": "wakanda:textures/icons/abilities/stats/knockback_resistance.png"},	
			"amount": 0.3,
			"operation": 0,
			"uuid": "48a5f5da-6271-4c5b-9b0c-97c8e73c52cd"
		},
		"fire_resistance": {
			"ability": "lucraftcore:fire_resistance",
            "show_in_bar": false,		
            "title": {"text":"Fire Resistance"},		
			"icon": {"type": "texture", "texture": "wakanda:textures/icons/abilities/stats/fire_resistance.png"}
		},			
		"poison_immunity": {
            "ability": "the-fifth-world:potion_immunity",
            "show_in_bar": false,		
            "title": {"text":"Poison Immunity"},		
			"icon": {"type": "texture", "texture": "wakanda:textures/icons/abilities/stats/basic_icon.png"},	
            "potion": "minecraft:poison"
		},
		"wither_immunity": {
            "ability": "the-fifth-world:potion_immunity",
            "show_in_bar": false,		
            "title": {"text":"Wither Immunity"},		
			"icon": {"type": "texture", "texture": "wakanda:textures/icons/abilities/stats/basic_icon.png"},	
            "potion": "minecraft:wither"				
		},
		"anti_metal_claws": {
			"ability": "lucraftcore:punch",
            "show_in_bar": false,		
            "title": {"text":"Anti-Metal Claws"},		
			"icon": {"type": "texture", "texture": "wakanda:textures/icons/abilities/stats/punch.png"},			
			"amount": 2.3,
			"operation": 1,
			"uuid": "48a5f5da-6271-4c5b-9b0c-97c8e73c52cd",	
			"conditions": [
				{
					"type": "lucraftcore:open_armor",
					"slot": "chest"
				}
			]
		},
		"wall_scaling": {
			"ability": "heroesexpansion:wall_crawling",
			"cooldown": 0,
            "show_in_bar": true,		
            "title": {"text":"Wall Scaling"},		
			"icon": {"type": "texture", "texture": "wakanda:textures/icons/abilities/powers/wall_crawling.png"},
			"bar_color": "black",
			"conditions": [
				{
					"type": "lucraftcore:open_armor",
					"slot": "chest"
				}
			]	
		},
		"vibranium_microweave_mesh": {
            "ability": "heroesexpansion:kinetic_energy_absorption",
            "show_in_bar": true,				
            "title": {"text":"Vibranium Microweave Mesh"},	
            "bar_color": "purple",
			"icon": {"type": "texture", "texture": "wakanda:textures/icons/abilities/stats/tough_skin.png"},			
            "max_energy": 100,
            "color": [180, 60, 180]
		},		
		"kinetic_energy_fist": {		
			"ability": "heroesexpansion:god_mode",
			"cooldown": 100,
			"damage": 4,
            "show_in_bar": true,
            "title": {"text":"Kinetic Energy Fist"},		
			"icon": {"type": "texture", "texture": "wakanda:textures/icons/abilities/powers/energy_gaunlets_purple.png"},
            "bar_color": "purple"	
		},
		"energy_daggers": {
		    "ability": "lucraftcore:energy_blast",
			"cooldown": 0,
            "show_in_bar": true,		
            "title": {"text":"Energy Daggers"},	
            "bar_color": "purple",
			"icon": {"type": "texture", "texture": "wakanda:textures/icons/abilities/powers/energy_blast_purple.png"},			
            "damage": 5,
            "color": [180, 60, 180]
		}
	},
	
	"armor_parts": {
	
		"head": {
			"openable": true,
			"glow": false,
			"armor_model_scale": 0.5,
			"name": {
				"text": "Black Panther's Mask"
			},
			"textures": {
				"normal": "wakanda:textures/armor/black_panther_vol6/black_panther_vol6_mask.png",
				"normal_open": "wakanda:textures/armor/black_panther_vol6/black_panther_vol6_mask_off.png"	   
			},
			"item_texture": {
				"blockstate": "wakanda:black_panther_vol6"
			}
		},
		
		"chest": {
			"openable": true,
			"glow": false,
			"armor_model_scale": 0.252,
			"name": {
				"text": "Black Panther's Chestpiece"
			},
			"textures": {
				"normal": "wakanda:textures/armor/black_panther_vol6/black_panther_vol6_chestpiece.png",
				"normal_smallarms": "wakanda:textures/armor/black_panther_vol6/black_panther_vol6_chestpiece_small.png",
				"normal_open": "wakanda:textures/armor/black_panther_vol6/black_panther_vol6_chestpiece.png",
				"normal_smallarms_open": "wakanda:textures/armor/black_panther_vol6/black_panther_vol6_chestpiece_small.png"				
			},
			"item_texture": {
				"blockstate": "wakanda:black_panther_vol6"
			}
		},
		
		"legs": {
			"openable": false,
			"glow": false,
			"armor_model_scale": 0.25,
			"name": {
				"text": "Black Panther's Leggings"
			},
			"textures": {
				"normal": "wakanda:textures/armor/black_panther_vol6/black_panther_vol6_leggings.png"
			},
			"item_texture": {
				"blockstate": "wakanda:black_panther_vol6"
			}
		},
		
		"feet": {
			"openable": false,
			"glow": false,
			"armor_model_scale": 0.252,
			"name": {
				"text": "Black Panther's Boots"
			},
			"textures": {
				"normal": "wakanda:textures/armor/black_panther_vol6/black_panther_vol6_boots.png"
			},
			"item_texture": {
				"blockstate": "wakanda:black_panther_vol6"
			}
		}
	}
}