{
	"name": {
		"text": "Black Panther"
	},
	
	"armor_material": {
		"durability": 250,
		"damage_reduction_amounts": [5, 6, 6, 5],
		"enchantibility": 20,
		"toughness": 2.0,
		"sound": "item.armor.equip_generic"
	},
 
    "creative_tab": "panther_habit", 
 
 "description": {
        "text": "Ceremonial V1"
    },
	
    "effects": [
        {
            "type": "name_change",
            "name": {
                "text": "Black Panther"
            }
        }    
    ],
	
	"abilities": {
		"fall_resistance": {
			"ability": "lucraftcore:fall_resistance",
            "show_in_bar": false,		
            "title": {"text":"Fall Resistance"},		
			"icon": {"type": "texture", "texture": "wakanda:textures/icons/abilities/stats/fall_resistance.png"},		
			"amount": 100,
			"operation": 0,
			"uuid": "48a5f5da-6271-4c5b-9b0c-97c8e73c52cd"
		},
		"fire_resistance": {
			"ability": "lucraftcore:fire_resistance",
            "show_in_bar": false,		
            "title": {"text":"Fire Resistance"},		
			"icon": {"type": "texture", "texture": "wakanda:textures/icons/abilities/stats/fire_resistance.png"}
		},
		"anti_metal_claws": {
			"ability": "lucraftcore:punch",
            "show_in_bar": false,		
            "title": {"text":"Anti-Metal Claws"},		
			"icon": {"type": "texture", "texture": "wakanda:textures/icons/abilities/stats/punch.png"},			
			"amount": 2.3,
			"operation": 1,
			"uuid": "48a5f5da-6271-4c5b-9b0c-97c8e73c52cd",	
			"conditions": [
				{
					"type": "lucraftcore:open_armor",
					"slot": "chest"
				}
			]
		},
		"wall_scaling": {
			"ability": "heroesexpansion:wall_crawling",
			"cooldown": 0,
            "show_in_bar": true,		
            "title": {"text":"Wall Scaling"},		
			"icon": {"type": "texture", "texture": "wakanda:textures/icons/abilities/powers/wall_crawling.png"},
			"bar_color": "black",
			"conditions": [
				{
					"type": "lucraftcore:open_armor",
					"slot": "chest"
				}
			]	
		}
	},

	"armor_parts": {
	
		"head": {
			"openable": true,
			"glow": true,
			"armor_model_scale": 0.5,
			"name": {
				"text": "Black Panther's Mask"
			},
			"textures": {
				"normal": "wakanda:textures/armor/black_panther_vol5_ceremonial/black_panther_vol5_ceremonial_mask.png",
				"normal_open": "wakanda:textures/armor/black_panther_vol5_ceremonial/black_panther_vol5_ceremonial_mask_off.png"
			},
			"item_texture": {
				"blockstate": "wakanda:black_panther_vol5_ceremonial"
			}
		},
		
		"chest": {
			"openable": true,
			"glow": false,
			"armor_model_scale": 0.252,
			"name": {
				"text": "Black Panther's Chestpiece"
			},
			"textures": {
				"normal": "wakanda:textures/armor/black_panther_vol5_ceremonial/black_panther_vol5_ceremonial_chestpiece.png",
				"normal_smallarms": "wakanda:textures/armor/black_panther_vol5_ceremonial/black_panther_vol5_ceremonial_chestpiece_small.png",
				"normal_open": "wakanda:textures/armor/black_panther_vol5_ceremonial/black_panther_vol5_ceremonial_chestpiece.png",
				"normal_smallarms_open": "wakanda:textures/armor/black_panther_vol5_ceremonial/black_panther_vol5_ceremonial_chestpiece_small.png"	
			},
			"item_texture": {
				"blockstate": "wakanda:black_panther_vol5_ceremonial"
			}
		},
		
		"legs": {
			"openable": false,
			"glow": false,
			"armor_model_scale": 0.25,
			"name": {
				"text": "Black Panther's Leggings"
			},
			"textures": {
				"normal": "wakanda:textures/armor/black_panther_vol5_ceremonial/black_panther_vol5_ceremonial_leggings.png"
			},
			"item_texture": {
				"blockstate": "wakanda:black_panther_vol5_ceremonial"
			}
		},
		
		"feet": {
			"openable": false,
			"glow": false,
			"armor_model_scale": 0.252,
			"name": {
				"text": "Black Panther's Boots"
			},
			"textures": {
				"normal": "wakanda:textures/armor/black_panther_vol5_ceremonial/black_panther_vol5_ceremonial_boots.png"
			},
			"item_texture": {
				"blockstate": "wakanda:black_panther_vol5_ceremonial"
			}
		}
	}
}