{
	"name": {
		"text": "Black Panther"
	},
	
    "creative_tab": "panther_habit",
	
 "description": {
        "text": "Space Suit"
    },
	
	"armor_material": {
		"durability": 100,
		"damage_reduction_amounts": [3, 3, 3, 3],
		"enchantibility": 10,
		"toughness": 2.0,
		"sound": "item.armor.equip_generic"
	},
	
	"data": {
		"spider_sense": true
	},
	
	"effects": [
		{
			"type": "hud",
            "texture": "wakanda:textures/overlays/huds/black_panther_space_suit_overlay.png",
			"conditions": [
				{
					"type": "not",
					"conditions": [
						{
							"type": "open_armor",
							"slot": "helmet"
						}
					]
				}
			]
		},
		
		{
            "type": "name_change",
            "name": {
                "text": "Black Panther"
            }
        }    
    ],
	
	"abilities": {
		"fall_resistance": {
			"ability": "lucraftcore:fall_resistance",
            "show_in_bar": false,		
            "title": {"text":"Fall Resistance"},		
			"icon": {"type": "texture", "texture": "wakanda:textures/icons/abilities/stats/fall_resistance.png"},	
			"amount": 100,
			"operation": 0,
			"uuid": "48a5f5da-6271-4c5b-9b0c-97c8e73c52cd"
		},
		"knockback_resistance": {
			"ability": "lucraftcore:knockback_resistance",
            "show_in_bar": false,		
            "title": {"text":"Knockback Resistance"},		
			"icon": {"type": "texture", "texture": "wakanda:textures/icons/abilities/stats/knockback_resistance.png"},		
			"amount": 0.3,
			"operation": 0,
			"uuid": "48a5f5da-6271-4c5b-9b0c-97c8e73c52cd"
		},
		"water_breathing": {	   
			"ability": "lucraftcore:water_breathing",
            "show_in_bar": false,		
            "title": {"text":"Water Breathing"},		
			"icon": {"type": "texture", "texture": "wakanda:textures/icons/abilities/stats/water_breathing.png"},
			"conditions": [
				{
					"type": "not",
					"conditions": [			
						{
					"type": "lucraftcore:open_armor",
					"slot": "helmet"
				    }
			      ]		
				}
			]
		},
		"fire_resistance": {
			"ability": "lucraftcore:fire_resistance",
            "show_in_bar": false,		
            "title": {"text":"Fire Resistance"},		
			"icon": {"type": "texture", "texture": "wakanda:textures/icons/abilities/stats/fire_resistance.png"}	
		},
		"tough_lungs": {
			"ability": "lucraftcore:tough_lungs",
            "show_in_bar": false,		
            "title": {"text":"Tough Lungs"},	
			"icon": {"type": "texture", "texture": "wakanda:textures/icons/abilities/stats/tough_lungs.png"},
			"conditions": [
				{
					"type": "not",
					"conditions": [			
						{
					"type": "lucraftcore:open_armor",
					"slot": "helmet"
				    }
			      ]		
				}
			]
		}
	},
	
	"armor_parts": {
	
		"head": {
			"openable": true,
			"glow": false,
			"armor_model_scale": 0.5,
			"name": {
				"text": "Black Panther's Helmet"
			},
			"textures": {
				"normal": "wakanda:textures/armor/black_panther_space_suit/black_panther_space_suit_helmet.png",
				"normal_open": "wakanda:textures/armor/black_panther_space_suit/black_panther_space_suit_helmet_off.png"
			},
			"item_texture": {
				"blockstate": "wakanda:black_panther_space_suit"
			}
		},
		
		"chest": {
			"openable": false,
			"glow": false,
			"armor_model_scale": 0.252,
			"name": {
				"text": "Black Panther's Chestpiece"
			},
			"textures": {
				"normal": "wakanda:textures/armor/black_panther_space_suit/black_panther_space_suit_chestpiece.png",
				"normal_smallarms": "wakanda:textures/armor/black_panther_space_suit/black_panther_space_suit_chestpiece_small.png"
			},
			"item_texture": {
				"blockstate": "wakanda:black_panther_space_suit"
			}
		},
		
		"legs": {
			"openable": false,
			"glow": false,
			"armor_model_scale": 0.25,
			"name": {
				"text": "Black Panther's Leggings"
			},
			"textures": {
				"normal": "wakanda:textures/armor/black_panther_space_suit/black_panther_space_suit_leggings.png"
			},
			"item_texture": {
				"blockstate": "wakanda:black_panther_space_suit"
			}
		},
		
		"feet": {
			"openable": false,
			"glow": false,
			"armor_model_scale": 0.252,
			"name": {
				"text": "Black Panther's Boots"
			},
			"textures": {
				"normal": "wakanda:textures/armor/black_panther_space_suit/black_panther_space_suit_boots.png"
			},
			"item_texture": {
				"blockstate": "wakanda:black_panther_space_suit"
			}
		}
	}
}