{
	"name": {
		"text": "Black Musketeer"
	},
	
	"armor_material": {
		"durability": 125,
		"damage_reduction_amounts": [5, 5, 7, 4],
		"enchantibility": 8,
		"toughness": 0.0,
		"sound": "item.armor.equip_generic"
	},

    "creative_tab": "wakanda",
	
	"description": {
		"text": "Joshua Itobo"
	},
	
	"abilities": {
		"strength": {
			"ability": "lucraftcore:strength",
            "show_in_bar": false,		
            "title": {"text":"Strength"},		
			"icon": {"type": "texture", "texture": "wakanda:textures/icons/abilities/stats/strength.png"},					
			"amount": 2.5,
			"operation": 0,
			"uuid": "48a5f5da-6271-4c5b-9b0c-97c8e73c52cd"
		},
		"sprint": {
			"ability": "lucraftcore:sprint",
            "show_in_bar": false,		
            "title": {"text":"Sprint Speed"},		
			"icon": {"type": "texture", "texture": "wakanda:textures/icons/abilities/stats/sprint_speed.png"},					
			"amount": 0.001,
			"operation": 0,
			"uuid": "48a5f5da-6271-4c5b-9b0c-97c8e73c52cd"			
		},
		"jump_boost": {
			"ability": "lucraftcore:jump_boost",		
            "show_in_bar": false,		
            "title": {"text":"Jump Boost"},		
			"icon": {"type": "texture", "texture": "wakanda:textures/icons/abilities/stats/jump_boost.png"},		
			"amount": 1.5,
			"operation": 0,
			"uuid": "48a5f5da-6271-4c5b-9b0c-97c8e73c52cd"
		},
		"fall_resistance": {
			"ability": "lucraftcore:fall_resistance",
            "show_in_bar": false,		
            "title": {"text":"Fall Resistance"},		
			"icon": {"type": "texture", "texture": "wakanda:textures/icons/abilities/stats/fall_resistance.png"},			
			"amount": 15,
			"operation": 0,
			"uuid": "48a5f5da-6271-4c5b-9b0c-97c8e73c52cd"	
		},
		"step_assist": {
			"ability": "lucraftcore:step_assist",
            "show_in_bar": false,		
            "title": {"text":"Step Assist"},		
			"icon": {"type": "texture", "texture": "wakanda:textures/icons/abilities/stats/step_assist.png"},			
			"amount": 0.5,
			"operation": 0,
			"uuid": "48a5f5da-6271-4c5b-9b0c-97c8e73c52cd"
		}
	},
	
	"armor_parts": {
	
		"head": {
			"openable": true,
			"glow": false,
			"armor_model_scale": 0.5,
			"name": {
				"text": "Black Musketeer' Mask"
			},
			"textures": {
				"normal": "wakanda:textures/armor/black_musketeer_joshua/black_musketeer_joshuas_mask.png",
				"normal_open": "wakanda:textures/armor/black_musketeer_joshua/black_musketeer_joshuas_mask_off.png"
			},
			"item_texture": {
				"blockstate": "wakanda:black_musketeer_joshua"
			}
		},
		
		"chest": {
			"openable": false,
			"glow": false,
			"armor_model_scale": 0.252,
			"name": {
				"text": "Black Musketeer' Chestpiece"
			},
			"textures": {
				"normal": "wakanda:textures/armor/black_musketeer_joshua/black_musketeer_joshuas_chestpiece.png",
				"normal_smallarms": "wakanda:textures/armor/black_musketeer_joshua/black_musketeer_joshuas_chestpiece_small.png"
			},
			"item_texture": {
				"blockstate": "wakanda:black_musketeer_joshua"
			}
		},
		
		"legs": {
			"openable": false,
			"glow": false,
			"armor_model_scale": 0.25,
			"name": {
				"text": "Black Musketeer' Leggings"
			},
			"textures": {
				"normal": "wakanda:textures/armor/black_musketeer_joshua/black_musketeer_joshuas_leggings.png"
			},
			"item_texture": {
				"blockstate": "wakanda:black_musketeer_joshua"
			}
		},
		
		"feet": {
			"openable": false,
			"glow": false,
			"armor_model_scale": 0.25,
			"name": {
				"text": "Black Musketeer' Boots"
			},
			"textures": {
				"normal": "wakanda:textures/armor/black_musketeer_joshua/black_musketeer_joshuas_boots.png"
			},
			"item_texture": {
				"blockstate": "wakanda:black_musketeer_joshua"
			}
		}
	}
}