{
	"parent": "heroesexpansion:black_panther",
	
	"name": {
		"text": "Black Panther"
	},
	
	"creative_tab": "panther_habit",
	
	"armor_material": {
		"durability": 325,
		"damage_reduction_amounts": [3, 4, 4, 3],
		"enchantibility": 10,
		"toughness": 2.0,
		"sound": "item.armor.equip_diamond"
	},

 "description": {
        "text": "MCU Movie"
    },
	
	"data": {
		"spider_sense": true,	
		"transition_color_1": {
			"red": 134,
			"green": 45,
			"blue": 255
		},
		"transition_color_2": {
			"red": 107,
			"green": 36,
			"blue": 255
		},
		"necklace_texture": "wakanda:textures/armor/black_panther_mcu_movie/black_panther_mcu_movie_necklace.png"
	},
	
	"effects": [
		{
			"type": "skin_overlay",
            "texture": "wakanda:textures/armor/black_panther_mcu_movie/black_panther_mcu_claws_small.png",
			"size": 0.4,
			"conditions": [
				{
					"type": "ability_enabled",
					"ability": "speedsterheroes:blade"
				}
			]
		},
		
		{
            "type": "name_change",
            "name": {
                "text": "Black Panther"
             },
			"conditions": [
				{
					"type": "open_armor",
					"slot": "chest"
				}
			]
		}
	],
	
	"abilities": {
		"fall_resistance": {
			"ability": "lucraftcore:fall_resistance",
            "show_in_bar": false,		
            "title": {"text":"Fall Resistance"},		
			"icon": {"type": "texture", "texture": "wakanda:textures/icons/abilities/stats/fall_resistance.png"},		
			"amount": 100,
			"operation": 0,
			"uuid": "48a5f5da-6271-4c5b-9b0c-97c8e73c52cd",
			"conditions": [
				{
					"type": "lucraftcore:open_armor",
					"slot": "chest"
				}
			]
		},
		"knockback_resistance": {
			"ability": "lucraftcore:knockback_resistance",
            "show_in_bar": false,		
            "title": {"text":"Knockback Resistance"},		
			"icon": {"type": "texture", "texture": "wakanda:textures/icons/abilities/stats/knockback_resistance.png"},
			"amount": 0.3,
			"operation": 0,
			"uuid": "48a5f5da-6271-4c5b-9b0c-97c8e73c52cd",
			"conditions": [
				{
					"type": "lucraftcore:open_armor",
					"slot": "chest"
				}
			]
		},
		"fire_resistance": {
			"ability": "lucraftcore:fire_resistance",
            "show_in_bar": false,		
            "title": {"text":"Fire Resistance"},		
			"icon": {"type": "texture", "texture": "wakanda:textures/icons/abilities/stats/fire_resistance.png"},
			"conditions": [
				{
					"type": "lucraftcore:open_armor",
					"slot": "chest"
				}
			]
		},		
		"poison_immunity": {
            "ability": "the-fifth-world:potion_immunity",
            "show_in_bar": false,		
            "title": {"text":"Poison Immunity"},		
			"icon": {"type": "texture", "texture": "wakanda:textures/icons/abilities/stats/basic_icon.png"},
            "potion": "minecraft:poison",
			"conditions": [
				{
					"type": "lucraftcore:open_armor",
					"slot": "chest"
				}
			]
		},
		"wither_immunity": {
            "ability": "the-fifth-world:potion_immunity",
            "show_in_bar": false,		
            "title": {"text":"Wither Immunity"},		
			"icon": {"type": "texture", "texture": "wakanda:textures/icons/abilities/stats/basic_icon.png"},
            "potion": "minecraft:wither",	
			"conditions": [
				{
					"type": "lucraftcore:open_armor",
					"slot": "chest"
				}
			]
		},			
		"vibranium_microweave_mesh": {
            "ability": "heroesexpansion:kinetic_energy_absorption",	
            "show_in_bar": true,				
            "title": {"text":"Vibranium Microweave Mesh"},		
			"icon": {"type": "texture", "texture": "wakanda:textures/icons/abilities/stats/tough_skin.png"},		
			"bar_color": "purple",			
            "max_energy": 100,
            "color": [100, 0, 200],
			"conditions": [
				{
					"type": "lucraftcore:open_armor",
					"slot": "chest"
				}
			]
		},
		"anti_metal_claws": {		
			"ability": "speedsterheroes:blade",
			"cooldown": 0,
            "show_in_bar": true,		
            "title": {"text":"Anti-Metal Claws"},		
			"icon": { "type": "texture", "texture": "wakanda:textures/icons/abilities/panther_habit/claws/anti_metal_claws_silver.png" },
			"bar_color": "black",		
			"conditions": [
				{
					"type": "lucraftcore:open_armor",
					"slot": "chest"
				}
			]
		},
		"wall_scaling": {
			"ability": "heroesexpansion:wall_crawling",
			"required_ability": "anti_metal_claws",				
			"cooldown": 0,
            "show_in_bar": true,		
            "title": {"text":"Wall Scaling"},		
			"icon": {"type": "texture", "texture": "wakanda:textures/icons/abilities/stats/wall_crawling.png"},
			"bar_color": "black",			
			"conditions": [
				{
					"type": "lucraftcore:open_armor",
					"slot": "chest"
				}
			]
		}	
	},
	
	"armor_parts": {
		
		"chest": {
			"openable": true,
			"glow": true,
			"name": {
				"text": "Black Panther's Necklace"
			},
			"textures": {
				"normal": "wakanda:textures/armor/black_panther_mcu_movie/black_panther_mcu_movie_suit.png",
				"normal_smallarms": "wakanda:textures/armor/black_panther_mcu_movie/black_panther_mcu_movie_suit_small.png",
				"glow": "wakanda:textures/armor/black_panther_mcu_movie/black_panther_mcu_movie_suit_glow.png",
				"glow_smallarms": "wakanda:textures/armor/black_panther_mcu_movie/black_panther_mcu_movie_suit_small_glow.png"
			},
			"item_texture": {
				"blockstate": "wakanda:black_panther_mcu_movie"
			}
		}
	}
}