{
	"parent": "heroesexpansion:black_panther",
	
	"name": {
		"text": "Black Panther"
	},
	
	"creative_tab": "panther_habit",
	
	"armor_material": {
		"durability": 0,
		"damage_reduction_amounts": [10, 10, 10, 10],
		"enchantibility": 0,
		"toughness": 2.0,
		"sound": "item.armor.equip_generic"
	},

 "description": {
        "text": "Custom - Infinity"
    },
	
	"data": {
		"spider_sense": true,	
		"transition_color_1": {
			"red": 134,
			"green": 45,
			"blue": 255
		},
		"transition_color_2": {
			"red": 107,
			"green": 36,
			"blue": 255
		},
		"necklace_texture": "wakanda:textures/armor/black_panther_infinity/black_panther_infinity_necklace.png"
	},
	
    "effects": [
		{
            "type": "name_change",
            "name": {
                "text": "Black Panther"
            },
			"conditions": [
				{
					"type": "open_armor",
					"slot": "chest"
				}
			]
		}
	],
	
	"abilities": {
		"kill_hostiles": {	
	        "ability": "lucraftcore:command",				
			"cooldown": 250,
            "show_in_bar": true,	
            "title": {"text":"Kill Hostiles"},	
            "bar_color": "orange",				
			"icon": { "type": "texture", "texture": "wakanda:textures/items/infinity_gauntlet.png" },
            "commands": ["/kill @e[type=Zombie]", "/kill @e[type=Skeleton]", "/kill @e[type=Spider]", "/kill @e[type=Cave_Spider]", "/kill @e[type=Creeper]", "/kill @e[Type=Slime]", "/kill @e[type=Witch]", "/kill @e[type=Slime]"],
			"conditions": [
				{
					"type": "lucraftcore:open_armor",
					"slot": "chest"
				}
			]
		},
		"kill_radius": {	
	        "ability": "lucraftcore:command",				
			"cooldown": 100,
            "show_in_bar": true,	
            "title": {"text":"Kill Radius"},	
            "bar_color": "orange",				
			"icon": { "type": "texture", "texture": "wakanda:textures/items/infinity_gauntlet.png" },
            "commands": ["/kill @e[type=!Player,r=7]"],
			"conditions": [
				{
					"type": "lucraftcore:open_armor",
					"slot": "chest"
				}
			]
		},
		"summon_zombie": {	
	        "ability": "lucraftcore:command",				
			"cooldown": 15,
            "show_in_bar": true,	
            "title": {"text":"Summon Zombie"},		
            "bar_color": "orange",				
			"icon": { "type": "texture", "texture": "wakanda:textures/icons/abilities/powers/mob_icons/zombie_icon.png" },
            "commands": ["/summon minecraft:zombie ~3 ~ ~"],
			"conditions": [
				{
					"type": "lucraftcore:open_armor",
					"slot": "chest"
				}
			]
		},
		"size_change": {	
			"ability": "lucraftcore:size_change",
			"cooldown": 0,
            "show_in_bar": true,	
            "title": {"text":"Size Change"},		
            "icon": { "type": "internal" },
            "bar_color": "red",	
			"size": 16,
            "size_changer": "lucraftcore:default",				
			"conditions": [
				{
					"type": "lucraftcore:open_armor",
					"slot": "chest"
				}
			]
		},
		"invisibility": {		
			"ability": "lucraftcore:invisibility",			
			"cooldown": 0,		
            "show_in_bar": true,	
            "title": {"text":"Invisibility"},		
            "icon": { "type": "internal" },
            "bar_color": "red",
			"conditions": [
				{
					"type": "lucraftcore:open_armor",
					"slot": "chest"
				}
			]
		},									
		"portal": {
			"ability": "heroesexpansion:portal",				
			"cooldown": 0,
            "show_in_bar": true,
            "title": {"text":"Portal"},	
            "icon": { "type": "internal" },
            "bar_color": "light_blue",				
			"conditions": [
				{
					"type": "lucraftcore:open_armor",
					"slot": "chest"
				}
			]
		},
		"teleport": {	
		    "ability": "lucraftcore:teleport",
		    "cooldown": 25,
		    "distance": 100,		
            "show_in_bar": true,
			"title": {"text": "Teleportation"},	
            "icon": { "type": "internal" },
            "bar_color": "light_blue",
			"conditions": [
				{
					"type": "lucraftcore:open_armor",
					"slot": "chest"
				}
			]
		},		
		"grab_entity": {				
		    "ability": "heroesexpansion:grab_entity",			
		    "cooldown": 0,
            "show_in_bar": true,
			"title": {"text": "Grab Entity"},	
            "icon": { "type": "internal" },
            "bar_color": "light_blue",		
			"conditions": [
				{
					"type": "lucraftcore:open_armor",
					"slot": "chest"
				}
			]
		},
		"force_field": {
		    "ability": "heroesexpansion:force_field",			
			"cooldown": 0,
            "show_in_bar": true,
            "title": {"text":"Force Field"},	
            "icon": { "type": "internal" },
            "bar_color": "light_blue",				
			"color": [2, 85, 255],
			"conditions": [
				{
					"type": "lucraftcore:open_armor",
					"slot": "chest"
				}
			]
		},
		"black_hole": {
		    "ability": "heroesexpansion:black_hole",			
			"cooldown": 300,
            "show_in_bar": true,
            "title": {"text":"Black Hole"},	
            "icon": { "type": "internal" },
            "bar_color": "light_blue",
			"conditions": [
				{
					"type": "lucraftcore:open_armor",
					"slot": "chest"
				}
			]
		},		
		"energy_blast": {					
		    "ability": "lucraftcore:energy_blast",			
			"cooldown": 25,		
            "show_in_bar": true,
            "title": {"text":"Energy Blast"},	
            "icon": { "type": "internal" },
            "bar_color": "purple",				
            "damage": 30,
            "color": [238, 53, 231],
			"conditions": [
				{
					"type": "lucraftcore:open_armor",
					"slot": "chest"
				}
			]
		},		
		"power_blast": {
			"ability": "star-tech:power_blast",			
			"cooldown": 25,
            "show_in_bar": true,		
            "title": {"text":"Power Gem Beam"},		
            "icon": { "type": "internal" },
            "bar_color": "purple",				
			"duration": 25,
			"conditions": [
				{
					"type": "lucraftcore:open_armor",
					"slot": "chest"
				}
			]
		},
		"impower": {
			"ability": "star-tech:power_impower",				
			"cooldown": 0,			
            "show_in_bar": true,		
            "title": {"text":"Impower"},		
            "icon": { "type": "internal" },	
            "bar_color": "purple",				
			"conditions": [
				{
					"type": "lucraftcore:open_armor",
					"slot": "chest"
				}
			]
		},
		"rocket_burst": {
			"ability": "star-tech:power_rocket_burst",						
			"cooldown": 0,			
            "show_in_bar": true,		
            "title": {"text":"Rocket Burst"},		
            "icon": { "type": "internal" },
            "bar_color": "purple",			
			"conditions": [
				{
					"type": "lucraftcore:open_armor",
					"slot": "chest"
				}
			]
		},	
		"tendrils": {
			"ability": "star-tech:tendrils",			
			"cooldown": 0,
            "show_in_bar": true,		
            "title": {"text":"Tendrils"},		
            "icon": { "type": "internal" },
            "bar_color": "purple",	
			"conditions": [
				{
					"type": "lucraftcore:open_armor",
					"slot": "chest"
				}
			]
		},			
		"flight": {
			"ability": "lucraftcore:flight",
            "cooldown": 0,					
            "show_in_bar": true,
            "title": {"text":"Flight"},
            "icon": { "type": "internal" },
            "bar_color": "yellow",			
			"speed": 1.5,
            "sprint_speed": 5,
			"rotate_arms": false,		
			"conditions": [
				{
					"type": "lucraftcore:open_armor",
					"slot": "chest"
				}
			]
		},
		"phasing": {
			"ability": "speedsterheroes:phasing",
			"cooldown": 0,			
            "show_in_bar": true,	
            "title": {"text":"Phasing"},		
            "icon": { "type": "internal" },
            "bar_color": "yellow",			
			"conditions": [
				{
					"type": "lucraftcore:open_armor",
					"slot": "chest"
				}
			]
		},	
		"time_day": {	
	        "ability": "lucraftcore:command",				
			"cooldown": 50,
            "show_in_bar": true,	
            "title": {"text":"Time: Day"},	
            "bar_color": "green",				
			"icon": { "type": "texture", "texture": "wakanda:textures/icons/abilities/powers/clock.png" },
            "commands": ["/time set 0"],				
			"conditions": [
				{
					"type": "lucraftcore:open_armor",
					"slot": "chest"
				}
			]
		},		
		"time_night": {	
	        "ability": "lucraftcore:command",				
			"cooldown": 50,
            "show_in_bar": true,	
            "title": {"text":"Time: Night"},	
            "bar_color": "green",				
			"icon": { "type": "texture", "texture": "wakanda:textures/icons/abilities/powers/clock.png" },
            "commands": ["/time set 18000"],
			"conditions": [
				{
					"type": "lucraftcore:open_armor",
					"slot": "chest"
				}
			]
		},
		"fall_resistance": {
			"ability": "lucraftcore:fall_resistance",
            "show_in_bar": false,		
            "title": {"text":"Fall Resistance"},		
			"icon": {"type": "texture", "texture": "wakanda:textures/icons/abilities/stats/fall_resistance.png"},			
			"amount": 0.05,
			"operation": 1,
			"uuid": "48a5f5da-6271-4c5b-9b0c-97c8e73c52cd",
			"conditions": [
				{
					"type": "lucraftcore:open_armor",
					"slot": "chest"
				}
			]
		},
		"fire_resistance": {
			"ability": "lucraftcore:fire_resistance",
            "show_in_bar": false,		
            "title": {"text":"Fire Resistance"},		
			"icon": {"type": "texture", "texture": "wakanda:textures/icons/abilities/stats/fire_resistance.png"},
			"conditions": [
				{
					"type": "lucraftcore:open_armor",
					"slot": "chest"
				}
			]
		},
		"water_breathing": {
			"ability": "lucraftcore:water_breathing",
            "show_in_bar": false,		
            "title": {"text":"Water Breathing"},		
			"icon": {"type": "texture", "texture": "wakanda:textures/icons/abilities/stats/water_breathing.png"},
			"conditions": [
				{
					"type": "lucraftcore:open_armor",
					"slot": "chest"
				}
			]
		},
		"tough_lungs": {
			"ability": "lucraftcore:fire_resistance",
            "show_in_bar": false,		
            "title": {"text":"Tough Lungs"},		
			"icon": {"type": "texture", "texture": "wakanda:textures/icons/abilities/stats/tough_lungs.png"},		
			"conditions": [
				{
					"type": "lucraftcore:open_armor",
					"slot": "chest"
				}
			]
		},		
		"knockback_resistance": {
			"ability": "lucraftcore:knockback_resistance",
            "show_in_bar": false,		
            "title": {"text":"Knockback Resistance"},		
			"icon": {"type": "texture", "texture": "wakanda:textures/icons/abilities/stats/knockback_resistance.png"},	
			"amount": 0.3,
			"operation": 0,
			"uuid": "48a5f5da-6271-4c5b-9b0c-97c8e73c52cd",
			"conditions": [
				{
					"type": "lucraftcore:open_armor",
					"slot": "chest"
				}
			]
		},	
		"slowness_immunity": {
            "ability": "the-fifth-world:potion_immunity",
            "show_in_bar": false,		
            "title": {"text":"Slowness Immunity"},		
			"icon": {"type": "texture", "texture": "wakanda:textures/icons/abilities/stats/basic_icon.png"},		
            "potion": "minecraft:slowness",			
			"conditions": [
				{
					"type": "lucraftcore:open_armor",
					"slot": "chest"
				}
			]
		},			
		"fatigue_immunity": {
            "ability": "the-fifth-world:potion_immunity",
            "show_in_bar": false,		
            "title": {"text":"Fatigue Immunity"},		
			"icon": {"type": "texture", "texture": "wakanda:textures/icons/abilities/stats/basic_icon.png"},		
            "potion": "minecraft:mining_fatigue",
			"conditions": [
				{
					"type": "lucraftcore:open_armor",
					"slot": "chest"
				}
			]
		},
		"nausea_immunity": {
            "ability": "the-fifth-world:potion_immunity",
            "show_in_bar": false,		
            "title": {"text":"Nausea Immunity"},		
			"icon": {"type": "texture", "texture": "wakanda:textures/icons/abilities/stats/basic_icon.png"},		
            "potion": "minecraft:nausea",
			"conditions": [
				{
					"type": "lucraftcore:open_armor",
					"slot": "chest"
				}
			]
		},			
		"hunger_immunity": {
            "ability": "the-fifth-world:potion_immunity",
            "show_in_bar": false,		
            "title": {"text":"Hunger Immunity"},		
			"icon": {"type": "texture", "texture": "wakanda:textures/icons/abilities/stats/basic_icon.png"},		
            "potion": "minecraft:hunger",			
			"conditions": [
				{
					"type": "lucraftcore:open_armor",
					"slot": "chest"
				}
			]
		},		
		"weakness_immunity": {
            "ability": "the-fifth-world:potion_immunity",
            "show_in_bar": false,		
            "title": {"text":"Weakness Immunity"},		
			"icon": {"type": "texture", "texture": "wakanda:textures/icons/abilities/stats/basic_icon.png"},		
            "potion": "minecraft:weakness",
			"conditions": [
				{
					"type": "lucraftcore:open_armor",
					"slot": "chest"
				}
			]
		},			
		"poison_immunity": {
            "ability": "the-fifth-world:potion_immunity",
            "show_in_bar": false,		
            "title": {"text":"Poison Immunity"},		
			"icon": {"type": "texture", "texture": "wakanda:textures/icons/abilities/stats/basic_icon.png"},	
            "potion": "minecraft:poison",
			"conditions": [
				{
					"type": "lucraftcore:open_armor",
					"slot": "chest"
				}
			]
		},				
		"wither_immunity": {
            "ability": "the-fifth-world:potion_immunity",
            "show_in_bar": false,		
            "title": {"text":"Wither Immunity"},		
			"icon": {"type": "texture", "texture": "wakanda:textures/icons/abilities/stats/basic_icon.png"},	
            "potion": "minecraft:wither",
			"conditions": [
				{
					"type": "lucraftcore:open_armor",
					"slot": "chest"
				}
			]
		},	
		"radiation_immunity": {
            "ability": "the-fifth-world:potion_immunity",
            "show_in_bar": false,		
            "title": {"text":"Radiation Immunity"},		
			"icon": {"type": "texture", "texture": "wakanda:textures/icons/abilities/stats/basic_icon.png"},		
            "potion": "lucraftcore:radiation",
			"conditions": [
				{
					"type": "lucraftcore:open_armor",
					"slot": "chest"
				}
			]		
		},
		"chitauri_immunity": {
            "ability": "the-fifth-world:potion_immunity",					
            "show_in_bar": false,		
            "title": {"text":"Chitauri Immunity"},		
			"icon": {"type": "texture", "texture": "wakanda:textures/icons/abilities/stats/basic_icon.png"},	
            "potion": "heroesexpansion:chitauri_virus",
			"conditions": [
				{
					"type": "lucraftcore:open_armor",
					"slot": "chest"
				}
			]
		},	
		"burnout_immunity": {
            "ability": "the-fifth-world:potion_immunity",					
            "show_in_bar": false,		
            "title": {"text":"Burnout Immunity"},		
			"icon": {"type": "texture", "texture": "wakanda:textures/icons/abilities/stats/basic_icon.png"},	
            "potion": "star-tech:burnout",	
			"conditions": [
				{
					"type": "lucraftcore:open_armor",
					"slot": "chest"
				}
			]
		},		
		"knockout_immunity": {
            "ability": "the-fifth-world:potion_immunity",					
            "show_in_bar": false,		
            "title": {"text":"Knockout Immunity"},		
			"icon": {"type": "texture", "texture": "wakanda:textures/icons/abilities/stats/basic_icon.png"},	
            "potion": "lucraftcore:knock_out",
			"conditions": [
				{
					"type": "lucraftcore:open_armor",
					"slot": "chest"
				}
			]
		},		
		"saturation": {
            "ability": "infinity:saturation",
            "show_in_bar": false,		
            "title": {"text":"Saturation"},		
			"icon": {"type": "texture", "texture": "wakanda:textures/icons/abilities/stats/saturation.png"},	
			"conditions": [
				{
					"type": "lucraftcore:open_armor",
					"slot": "chest"
				}
			]
		},			
		"vibranium_microweave_mesh": {
            "ability": "heroesexpansion:kinetic_energy_absorption",		
            "show_in_bar": true,				
            "title": {"text":"Vibranium Microweave Mesh"},		
			"icon": {"type": "texture", "texture": "wakanda:textures/icons/abilities/stats/tough_skin.png"},	
            "bar_color": "black",				
            "max_energy": 100,
            "color": [203, 113, 69],
			"conditions": [
				{
					"type": "lucraftcore:open_armor",
					"slot": "chest"
				}
			]
		},
		"energy_daggers": {
		    "ability": "lucraftcore:energy_blast",
			"cooldown": 0,
            "show_in_bar": true,		
            "title": {"text":"Energy Daggers"},	
			"icon": {"type": "texture", "texture": "wakanda:textures/icons/abilities/powers/energy_blast_orange.png"},		
            "bar_color": "black",				
            "damage": 25,
            "color": [203, 113, 69],
			"conditions": [
				{
					"type": "lucraftcore:open_armor",
					"slot": "chest"
				}
			]
		}	
	},
	
	"armor_parts": {

		"chest": {
			"openable": true,
			"glow": true,
			"armor_model_scale": 0.252,
			"name": {
				"text": "Black Panther's Necklace"
			},
			"textures": {
				"normal": "wakanda:textures/armor/black_panther_infinity/black_panther_infinity_suit.png",
				"normal_smallarms": "wakanda:textures/armor/black_panther_infinity/black_panther_infinity_suit_small.png",
				"glow": "wakanda:textures/armor/black_panther_infinity/black_panther_infinity_suit_glow.png",
				"glow_smallarms": "wakanda:textures/armor/black_panther_infinity/black_panther_infinity_suit_small_glow.png"
			},
			"item_texture": {
				"blockstate": "wakanda:black_panther_infinity"
			}
		}
	}
}