{
	"name": {
		"text": "Black Panther"
	},
	
	"armor_material": {
		"durability": 250,
		"damage_reduction_amounts": [3, 3, 3, 3],
		"enchantibility": 20,
		"toughness": 2.0,
		"sound": "item.armor.equip_generic"
	},

    "creative_tab": "panther_habit",
	
 "description": {
        "text": "New Avengers"
    },
	
	"data": {
		"spider_sense": true
	},
	
    "effects": [
		{
			"type": "skin_overlay",
            "texture": "wakanda:textures/overlays/black_panther_nano_tech_gaunlets.png",
			"size": 0.3,
			"conditions": [
				{
					"type": "ability_enabled",
					"ability": "heroesexpansion:god_mode"
				}
			]
		},
		
		{
			"type": "skin_overlay",
            "texture": "wakanda:textures/overlays/black_panther_nano_tech_gaunlets.png",
			"size": 0.4,
			"conditions": [
				{
					"type": "ability_enabled",
					"ability": "heroesexpansion:god_mode"
				}
			]
		},
		
		{
			"type": "skin_overlay",
            "texture": "wakanda:textures/overlays/black_panther_nano_tech_gaunlets.png",
			"size": 0.5,
			"conditions": [
				{
					"type": "ability_enabled",
					"ability": "heroesexpansion:god_mode"
				}
			]
		},
		
		{
			"type": "skin_overlay",
            "texture": "wakanda:textures/overlays/black_panther_nano_tech_gaunlets.png",
			"size": 0.6,
			"conditions": [
				{
					"type": "ability_enabled",
					"ability": "heroesexpansion:god_mode"
				}
			]
		},		
		
		{
			"type": "skin_overlay",
            "texture": "wakanda:textures/overlays/black_panther_nano_tech_gaunlets.png",
			"size": 0.7,
			"conditions": [
				{
					"type": "ability_enabled",
					"ability": "heroesexpansion:god_mode"
				}
			]
		},
		
		{
			"type": "skin_overlay",
            "texture": "wakanda:textures/overlays/black_panther_nano_tech_gaunlets.png",
			"size": 0.8,
			"conditions": [
				{
					"type": "ability_enabled",
					"ability": "heroesexpansion:god_mode"
				}
			]
		},
		
		{
			"type": "skin_overlay",
            "texture": "wakanda:textures/overlays/black_panther_nano_tech_gaunlets.png",
			"size": 0.9,
			"conditions": [
				{
					"type": "ability_enabled",
					"ability": "heroesexpansion:god_mode"
				}
			]
		},
		
		{
			"type": "skin_overlay",
            "texture": "wakanda:textures/overlays/black_panther_hard_light_shield.png",
			"size": 1.2,
			"conditions": [
				{
					"type": "ability_enabled",
					"ability": "heroesexpansion:force_field"
				}
			]
		},
		
		{
            "type": "name_change",
            "name": {
                "text": "Black Panther"
			},
			"conditions": [
				{
					"type": "not",
					"conditions": [
						{
							"type": "open_armor",
							"slot": "helmet"
						}
					]
				}
			]
		}
	],
	
	"abilities": {
		"fall_resistance": {
			"ability": "lucraftcore:fall_resistance",
            "show_in_bar": false,		
            "title": {"text":"Fall Resistance"},		
			"icon": {"type": "texture", "texture": "wakanda:textures/icons/abilities/stats/fall_resistance.png"},		
			"amount": 100,
			"operation": 0,
			"uuid": "48a5f5da-6271-4c5b-9b0c-97c8e73c52cd"
		},
		"knockback_resistance": {
			"ability": "lucraftcore:knockback_resistance",
            "show_in_bar": false,		
            "title": {"text":"Knockback Resistance"},		
			"icon": {"type": "texture", "texture": "wakanda:textures/icons/abilities/stats/knockback_resistance.png"},
			"amount": 0.3,
			"operation": 0,
			"uuid": "48a5f5da-6271-4c5b-9b0c-97c8e73c52cd"
		},
		"fire_resistance": {
			"ability": "lucraftcore:fire_resistance",
            "show_in_bar": false,		
            "title": {"text":"Fire Resistance"},		
			"icon": {"type": "texture", "texture": "wakanda:textures/icons/abilities/stats/fire_resistance.png"}
		},			
		"poison_immunity": {
            "ability": "the-fifth-world:potion_immunity",
            "show_in_bar": false,		
            "title": {"text":"Poison Immunity"},		
			"icon": {"type": "texture", "texture": "wakanda:textures/icons/abilities/stats/basic_icon.png"},
            "potion": "minecraft:poison"
		},
		"wither_immunity": {
            "ability": "the-fifth-world:potion_immunity",
            "show_in_bar": false,		
            "title": {"text":"Wither Immunity"},		
			"icon": {"type": "texture", "texture": "wakanda:textures/icons/abilities/stats/basic_icon.png"},
            "potion": "minecraft:wither"		
		},
		"vibranium_microweave_mesh": {
            "ability": "heroesexpansion:kinetic_energy_absorption",		
            "show_in_bar": true,				
            "title": {"text":"Vibranium Microweave Mesh"},		
			"icon": {"type": "texture", "texture": "wakanda:textures/icons/abilities/stats/tough_skin.png"},		
            "max_energy": 100,
            "color": [180, 0, 200],
            "bar_color": "purple"				
		},
		"anti_metal_claws": {
			"ability": "lucraftcore:punch",
            "show_in_bar": false,		
            "title": {"text":"Anti-Metal Claws"},		
			"icon": {"type": "texture", "texture": "wakanda:textures/icons/abilities/stats/punch.png"},			
			"amount": 2.3,
			"operation": 1,
			"uuid": "48a5f5da-6271-4c5b-9b0c-97c8e73c52cd",	
			"conditions": [
				{
					"type": "lucraftcore:open_armor",
					"slot": "chest"
				}
			]
		},
		"wall_scaling": {
			"ability": "heroesexpansion:wall_crawling",
			"cooldown": 0,
            "show_in_bar": true,		
            "title": {"text":"Wall Scaling"},		
			"icon": {"type": "texture", "texture": "wakanda:textures/icons/abilities/powers/wall_crawling.png"},
			"bar_color": "black",
			"conditions": [
				{
					"type": "lucraftcore:open_armor",
					"slot": "chest"
				}
			]					
		},
		"energy_daggers": {
		    "ability": "lucraftcore:energy_blast",
			"cooldown": 0,
            "show_in_bar": true,		
            "title": {"text":"Energy Daggers"},	
			"icon": {"type": "texture", "texture": "wakanda:textures/icons/abilities/powers/energy_blast_purple.png"},		
            "damage": 5,
            "color": [180, 60, 180],
            "bar_color": "purple"				
		},	
		"nano_tech_gaunlets": {		
			"ability": "heroesexpansion:god_mode",
			"cooldown": 100,
			"damage": 8,
            "show_in_bar": true,
            "title": {"text":"Nano-Tech Gaunlets"},		
			"icon": {"type": "texture", "texture": "wakanda:textures/icons/abilities/powers/energy_gaunlets_purple.png"},
            "bar_color": "purple"				
		},	
		"hard_light_shield": {
			"ability": "heroesexpansion:force_field",
		    "cooldown": 80,			
            "show_in_bar": true,		
            "title": {"text":"Hard-Light Shield"},
			"icon": { "type": "texture", "texture": "wakanda:textures/icons/abilities/powers/energy_shield_purple.png" },
            "bar_color": "purple",
			"color": [0, 0, 0]
		},
		"teleporter": {		
		    "ability": "lucraftcore:teleport",
		    "cooldown": 10,
		    "distance": 25,		
            "show_in_bar": true,
			"title": {"text": "Teleporter"},	
			"icon": {"type": "texture", "texture": "wakanda:textures/icons/abilities/powers/teleport.png"},
            "bar_color": "purple"	
		},
		"cloaking": {		
			"ability": "lucraftcore:invisibility",
			"cooldown": 800,		
            "show_in_bar": true,	
            "title": {"text":"Invisibility"},		
			"icon": {"type": "texture", "texture": "wakanda:textures/icons/abilities/powers/invisibility.png"},
            "bar_color": "black"			
		}
	},
	
	"armor_parts": {
	
		"head": {
			"openable": true,
			"glow": false,
			"armor_model_scale": 0.5,
			"name": {
				"text": "Black Panther's Mask"
			},
			"textures": {
				"normal": "wakanda:textures/armor/black_panther_new_avengers/black_panther_new_avengers_mask.png",
				"normal_open": "wakanda:textures/armor/black_panther_new_avengers/black_panther_new_avengers_mask_off.png"	   
			},
			"item_texture": {
				"blockstate": "wakanda:black_panther_new_avengers"
			}
		},
		
		"chest": {
			"openable": true,
			"glow": false,
			"armor_model_scale": 0.252,
			"name": {
				"text": "Black Panther's Chestpiece"
			},
			"textures": {
				"normal": "wakanda:textures/armor/black_panther_new_avengers/black_panther_new_avengers_chestpiece.png",
				"normal_smallarms": "wakanda:textures/armor/black_panther_new_avengers/black_panther_new_avengers_chestpiece_small.png",
				"normal_open": "wakanda:textures/armor/black_panther_new_avengers/black_panther_new_avengers_chestpiece.png",
				"normal_smallarms_open": "wakanda:textures/armor/black_panther_new_avengers/black_panther_new_avengers_chestpiece_small.png"					
			},
			"item_texture": {
				"blockstate": "wakanda:black_panther_new_avengers"
			}
		},
		
		"legs": {
			"openable": false,
			"glow": false,
			"armor_model_scale": 0.25,
			"name": {
				"text": "Black Panther's Leggings"
			},
			"textures": {
				"normal": "wakanda:textures/armor/black_panther_new_avengers/black_panther_new_avengers_leggings.png"
			},
			"item_texture": {
				"blockstate": "wakanda:black_panther_new_avengers"
			}
		},
		
		"feet": {
			"openable": false,
			"glow": false,
			"armor_model_scale": 0.252,
			"name": {
				"text": "Black Panther's Boots"
			},
			"textures": {
				"normal": "wakanda:textures/armor/black_panther_new_avengers/black_panther_new_avengers_boots.png"
			},
			"item_texture": {
				"blockstate": "wakanda:black_panther_new_avengers"
			}
		}
	}
}