{
	"name": {
		"text": "Infinity Gauntlet"
	},
	
	"armor_material": {
		"durability": 0,
		"damage_reduction_amounts": [12, 12, 12, 12],
		"enchantibility": 0,
		"toughness": 2.0,
		"sound": "item.armor.equip_generic"
	},
	
    "description": {
        "text": "Secret Wars"
    },
	
	"effects": [
		{
			"type": "flickering",
			"color": [1, 0, 0],
			"use_suit_trails": false,
			"conditions": [
				{
					"type": "ability_enabled",
					"ability": "heroesexpansion:god_mode"
				},
				{
					"type": "always"
				}
			]
		},
		
		{
			"type": "vibrating",
			"conditions": [
				{
					"type": "ability_enabled",
					"ability": "speedsterheroes:phasing"
				}
			]
		}
	],
	
	"abilities": {								
		"kill_hostiles": {	
	        "ability": "lucraftcore:command",				
			"cooldown": 250,
            "show_in_bar": true,	
            "title": {"text":"Kill Hostiles"},	
            "bar_color": "orange",				
			"icon": { "type": "texture", "texture": "wakanda:textures/items/infinity_gauntlet.png" },
            "commands": ["/kill @e[type=Zombie]", "/kill @e[type=Skeleton]", "/kill @e[type=Spider]", "/kill @e[type=Cave_Spider]", "/kill @e[type=Creeper]", "/kill @e[Type=Slime]", "/kill @e[type=Witch]", "/kill @e[type=Slime]"]		
		},		
		"kill_radius": {	
	        "ability": "lucraftcore:command",				
			"cooldown": 100,
            "show_in_bar": true,	
            "title": {"text":"Kill Radius"},	
            "bar_color": "orange",				
			"icon": { "type": "texture", "texture": "wakanda:textures/items/infinity_gauntlet.png" },
            "commands": ["/kill @e[type=!Player,r=7]"]		
		},		
		"summon_zombie": {	
	        "ability": "lucraftcore:command",				
			"cooldown": 15,
            "show_in_bar": true,	
            "title": {"text":"Summon Zombie"},		
            "bar_color": "orange",				
			"icon": { "type": "texture", "texture": "wakanda:textures/icons/abilities/powers/mob_icons/zombie_icon.png" },
            "commands": ["/summon minecraft:zombie ~3 ~ ~"]			
		},	
		"size_change": {	
			"ability": "lucraftcore:size_change",
			"cooldown": 0,
            "show_in_bar": true,	
            "title": {"text":"Size Change"},		
            "icon": { "type": "internal" },
            "bar_color": "red",	
			"size": 16.0,
            "size_changer": "lucraftcore:default"				
		},	
		"invisibility": {		
			"ability": "lucraftcore:invisibility",			
			"cooldown": 0,		
            "show_in_bar": true,	
            "title": {"text":"Invisibility"},		
            "icon": { "type": "internal" },
            "bar_color": "red"
		},									
		"portal": {
			"ability": "heroesexpansion:portal",				
			"cooldown": 0,
            "show_in_bar": true,
            "title": {"text":"Portal"},	
            "icon": { "type": "internal" },
            "bar_color": "light_blue"		
		},
		"teleport": {	
		    "ability": "lucraftcore:teleport",
		    "cooldown": 25,
		    "distance": 100,		
            "show_in_bar": true,
			"title": {"text": "Teleportation"},	
            "icon": { "type": "internal" },
            "bar_color": "light_blue"			
		},				
		"grab_entity": {				
		    "ability": "heroesexpansion:grab_entity",			
		    "cooldown": 0,
            "show_in_bar": true,
			"title": {"text": "Grab Entity"},	
            "icon": { "type": "internal" },
            "bar_color": "light_blue"				
		},
		"force_field": {
		    "ability": "heroesexpansion:force_field",			
			"cooldown": 0,
            "show_in_bar": true,
            "title": {"text":"Force Field"},	
            "icon": { "type": "internal" },
            "bar_color": "light_blue",				
			"color": [2, 85, 255]
		},
		"black_hole": {
		    "ability": "heroesexpansion:black_hole",			
			"cooldown": 300,
            "show_in_bar": true,
            "title": {"text":"Black Hole"},	
            "icon": { "type": "internal" },
            "bar_color": "light_blue"
		},			
		"energy_blast": {					
		    "ability": "lucraftcore:energy_blast",			
			"cooldown": 25,		
            "show_in_bar": true,
            "title": {"text":"Energy Blast"},	
            "icon": { "type": "internal" },
            "bar_color": "purple",				
            "damage": 30,
            "color": [238, 53, 231]
		},			
		"power_blast": {
			"ability": "star-tech:power_blast",			
			"cooldown": 25,
            "show_in_bar": true,		
            "title": {"text":"Power Gem Beam"},		
            "icon": { "type": "internal" },
            "bar_color": "purple",				
			"duration": 25
		},
		"impower": {
			"ability": "star-tech:power_impower",				
			"cooldown": 0,			
            "show_in_bar": true,		
            "title": {"text":"Impower"},		
            "icon": { "type": "internal" },	
            "bar_color": "purple"				
		},
		"rocket_burst": {
			"ability": "star-tech:power_rocket_burst",						
			"cooldown": 0,			
            "show_in_bar": true,		
            "title": {"text":"Rocket Burst"},		
            "icon": { "type": "internal" },
            "bar_color": "purple"				
		},			
		"tendrils": {
			"ability": "star-tech:tendrils",			
			"cooldown": 0,
            "show_in_bar": true,		
            "title": {"text":"Tendrils"},		
            "icon": { "type": "internal" },
            "bar_color": "purple"	
		},			
		"flight": {
			"ability": "lucraftcore:flight",
            "cooldown": 0,					
            "show_in_bar": true,
            "title": {"text":"Flight"},
            "icon": { "type": "internal" },
            "bar_color": "yellow",			
			"speed": 1.5,
            "sprint_speed": 5,
			"rotate_arms": false		
		},
		"phasing": {
			"ability": "speedsterheroes:phasing",
			"cooldown": 0,			
            "show_in_bar": true,	
            "title": {"text":"Phasing"},		
            "icon": { "type": "internal" },
            "bar_color": "yellow"			
		},		
		"time_day": {	
	        "ability": "lucraftcore:command",				
			"cooldown": 50,
            "show_in_bar": true,	
            "title": {"text":"Time: Day"},	
            "bar_color": "green",				
			"icon": { "type": "texture", "texture": "wakanda:textures/icons/abilities/powers/clock.png" },
            "commands": ["/time set 0"]				
		},		
		"time_night": {	
	        "ability": "lucraftcore:command",				
			"cooldown": 50,
            "show_in_bar": true,	
            "title": {"text":"Time: Night"},	
            "bar_color": "green",				
			"icon": { "type": "texture", "texture": "wakanda:textures/icons/abilities/powers/clock.png" },
            "commands": ["/time set 18000"]					
		},											
		"fall_resistance": {
			"ability": "lucraftcore:fall_resistance",
            "show_in_bar": false,		
            "title": {"text":"Fall Resistance"},		
			"icon": {"type": "texture", "texture": "wakanda:textures/icons/abilities/stats/fall_resistance.png"},				
			"amount": 0.05,
			"operation": 1,
			"uuid": "48a5f5da-6271-4c5b-9b0c-97c8e73c52cd"	
        },
		"fire_resistance": {
			"ability": "lucraftcore:fire_resistance",
            "show_in_bar": false,		
            "title": {"text":"Fire Resistance"},		
			"icon": {"type": "texture", "texture": "wakanda:textures/icons/abilities/stats/fire_resistance.png"}
        },
		"water_breathing": {
			"ability": "lucraftcore:water_breathing",
            "show_in_bar": false,		
            "title": {"text":"Water Breathing"},		
			"icon": {"type": "texture", "texture": "wakanda:textures/icons/abilities/stats/water_breathing.png"}
        },
		"tough_lungs": {
			"ability": "lucraftcore:fire_resistance",
            "show_in_bar": false,		
            "title": {"text":"Tough Lungs"},		
			"icon": {"type": "texture", "texture": "wakanda:textures/icons/abilities/stats/tough_lungs.png"}
		},
		"slowness_immunity": {
            "ability": "the-fifth-world:potion_immunity",
            "show_in_bar": false,		
            "title": {"text":"Slowness Immunity"},		
			"icon": {"type": "texture", "texture": "wakanda:textures/icons/abilities/stats/basic_icon.png"},	
            "potion": "minecraft:slowness"
		},
		"fatigue_immunity": {
            "ability": "the-fifth-world:potion_immunity",
            "show_in_bar": false,		
            "title": {"text":"Fatigue Immunity"},		
			"icon": {"type": "texture", "texture": "wakanda:textures/icons/abilities/stats/basic_icon.png"},	
            "potion": "minecraft:mining_fatigue"
		},	
		"nausea_immunity": {
            "ability": "the-fifth-world:potion_immunity",
            "show_in_bar": false,		
            "title": {"text":"Nausea Immunity"},		
			"icon": {"type": "texture", "texture": "wakanda:textures/icons/abilities/stats/basic_icon.png"},	
            "potion": "minecraft:nausea"
		},
		"blindness_immunity": {
            "ability": "the-fifth-world:potion_immunity",
            "show_in_bar": false,		
            "title": {"text":"Blindness Immunity"},		
			"icon": {"type": "texture", "texture": "wakanda:textures/icons/abilities/stats/basic_icon.png"},	
            "potion": "minecraft:blindness"
		},					
		"weakness_immunity": {
            "ability": "the-fifth-world:potion_immunity",
            "show_in_bar": false,		
            "title": {"text":"Weakness Immunity"},		
			"icon": {"type": "texture", "texture": "wakanda:textures/icons/abilities/stats/basic_icon.png"},	
            "potion": "minecraft:weakness"
		},			
		"poison_immunity": {
            "ability": "the-fifth-world:potion_immunity",
            "show_in_bar": false,		
            "title": {"text":"Poison Immunity"},		
			"icon": {"type": "texture", "texture": "wakanda:textures/icons/abilities/stats/basic_icon.png"},	
            "potion": "minecraft:poison"
		},
		"wither_immunity": {
            "ability": "the-fifth-world:potion_immunity",
            "show_in_bar": false,		
            "title": {"text":"Wither Immunity"},		
			"icon": {"type": "texture", "texture": "wakanda:textures/icons/abilities/stats/basic_icon.png"},	
            "potion": "minecraft:wither"
		},
		"radiation_immunity": {
            "ability": "the-fifth-world:potion_immunity",
            "show_in_bar": false,		
            "title": {"text":"Radiation Immunity"},		
			"icon": {"type": "texture", "texture": "wakanda:textures/icons/abilities/stats/basic_icon.png"},	
            "potion": "lucraftcore:radiation"
		},
		"chitauri_immunity": {
            "ability": "the-fifth-world:potion_immunity",					
            "show_in_bar": false,		
            "title": {"text":"Chitauri Immunity"},		
			"icon": {"type": "texture", "texture": "wakanda:textures/icons/abilities/stats/basic_icon.png"},
            "potion": "heroesexpansion:chitauri_virus"	
		},
		"burnout_immunity": {
            "ability": "the-fifth-world:potion_immunity",					
            "show_in_bar": false,		
            "title": {"text":"Burnout Immunity"},		
			"icon": {"type": "texture", "texture": "wakanda:textures/icons/abilities/stats/basic_icon.png"},	
            "potion": "star-tech:burnout"			
		},
		"saturation": {
            "ability": "infinity:saturation",
            "show_in_bar": false,		
            "title": {"text":"Saturation"},		
			"icon": {"type": "texture", "texture": "wakanda:textures/icons/abilities/stats/saturation.png"}	
		}
	},
	
	"armor_parts": {
		
		"chest": {
			"openable": false,
			"glow": false,
			"armor_model_scale": 0.252,
			"name": {
				"text": "Infinity Gaunlet"
			},
			"textures": {
				"normal": "wakanda:textures/armor/infinity_gauntlet.png",
				"normal_smallarms": "wakanda:textures/armor/infinity_gauntlet_small.png"
			},
			"item_texture": {
				"blockstate": "wakanda:infinity_gauntlet"
			}
		}
	}
}