{
	"name": {
		"text": "Iron Man"
	},
	
	"armor_material": {
		"durability": 225,
		"damage_reduction_amounts": [4, 4, 4, 4],
		"enchantibility": 20,
		"toughness": 2.0,
		"sound": "item.armor.equip_generic"
	},

 "description": {
        "text": "Model 21"
    },

	"data": {
		"spider_sense": true
	},
	
	"effects": [
		{
			"type": "hud",
            "texture": "wakanda:textures/overlays/huds/iron_man_hud_normal.png",
			"conditions": [
				{
					"type": "not",
					"conditions": [
						{
							"type": "open_armor",
							"slot": "helmet"
						}
					]
				}
			]
		},
		
		{
			"type": "hud",
            "texture": "wakanda:textures/overlays/huds/iron_man_hud_flight.png",
			"conditions": [
				{
					"type": "ability_enabled",
					"ability": "lucraftcore:flight"
				},
				
				{
					"type": "not",
					"conditions": [
						{
							"type": "open_armor",
							"slot": "helmet"
						}				
					]
				}
			]
		},
		
		{
			"type": "hud",
            "texture": "wakanda:textures/overlays/huds/iron_man_hud_invisibility.png",
			"conditions": [
				{
					"type": "ability_enabled",
					"ability": "lucraftcore:invisibility"
				},
				
				{
					"type": "not",
					"conditions": [
						{
							"type": "open_armor",
							"slot": "helmet"
						}				
					]
				}
			]
		},
		
		{
			"type": "hud",
            "texture": "wakanda:textures/overlays/huds/iron_man_hud_repulsor.png",
			"conditions": [
				{
					"type": "ability_enabled",
					"ability": "heroesexpansion:photon_blast"
				},
				
				{
					"type": "not",
					"conditions": [
						{
							"type": "open_armor",
							"slot": "helmet"
						}				
					]
				}
			]
		},
		
		{
            "type": "name_change",
            "name": {
                "text": "Iron Man"
			},
			"conditions": [
				{
					"type": "not",
					"conditions": [
						{
							"type": "open_armor",
							"slot": "helmet"
						}
					]
				}
			]
		}
	],
	
	"abilities": {
		"jump_boost": {
			"ability": "lucraftcore:jump_boost",		
            "show_in_bar": false,		
            "title": {"text":"Jump Boost"},		
			"icon": {"type": "texture", "texture": "wakanda:textures/icons/abilities/stats/jump_boost.png"},		
			"amount": 1.5,
			"operation": 0,
			"uuid": "48a5f5da-6271-4c5b-9b0c-97c8e73c52cd"
		},
		"step_assist": {
			"ability": "lucraftcore:step_assist",
            "show_in_bar": false,		
            "title": {"text":"Step Assist"},		
			"icon": {"type": "texture", "texture": "wakanda:textures/icons/abilities/stats/step_assist.png"},			
			"amount": 0.5,
			"operation": 0,
			"uuid": "48a5f5da-6271-4c5b-9b0c-97c8e73c52cd"
		},
		"fall_resistance": {
			"ability": "lucraftcore:fall_resistance",
            "show_in_bar": false,		
            "title": {"text":"Fall Resistance"},		
			"icon": {"type": "texture", "texture": "wakanda:textures/icons/abilities/stats/fall_resistance.png"},		
			"amount": 0.05,
			"operation": 1,
			"uuid": "48a5f5da-6271-4c5b-9b0c-97c8e73c52cd"
		},
		"knockback_resistance": {
			"ability": "lucraftcore:knockback_resistance",
            "show_in_bar": false,		
            "title": {"text":"Knockback Resistance"},		
			"icon": {"type": "texture", "texture": "wakanda:textures/icons/abilities/stats/knockback_resistance.png"},				
			"amount": 3,
			"operation": 0,
			"uuid": "48a5f5da-6271-4c5b-9b0c-97c8e73c52cd"
		},
		"strength": {
			"ability": "lucraftcore:strength",
            "show_in_bar": false,		
            "title": {"text":"Strength"},		
			"icon": {"type": "texture", "texture": "wakanda:textures/icons/abilities/stats/strength.png"},						
			"amount": 18,
			"operation": 0,
			"uuid": "48a5f5da-6271-4c5b-9b0c-97c8e73c52cd"
		},
		"sprint": {
			"ability": "lucraftcore:sprint",
            "show_in_bar": false,		
            "title": {"text":"Sprint Speed"},		
			"icon": {"type": "texture", "texture": "wakanda:textures/icons/abilities/stats/sprint_speed.png"},					
			"amount": 0.001,
			"operation": 0,
			"uuid": "48a5f5da-6271-4c5b-9b0c-97c8e73c52cd"
        },
		"fire_resistance": {
			"ability": "lucraftcore:fire_resistance",
            "show_in_bar": false,		
            "title": {"text":"Fire Resistance"},		
			"icon": {"type": "texture", "texture": "wakanda:textures/icons/abilities/stats/fire_resistance.png"}
        },			
		"fatigue_immunity": {
            "ability": "the-fifth-world:potion_immunity",
            "show_in_bar": false,		
            "title": {"text":"Fatigue Immunity"},		
			"icon": {"type": "texture", "texture": "wakanda:textures/icons/abilities/stats/basic_icon.png"},		
            "potion": "minecraft:mining_fatigue"
		},		
		"weakness_immunity": {
            "ability": "the-fifth-world:potion_immunity",
            "show_in_bar": false,		
            "title": {"text":"Weakness Immunity"},
			"icon": {"type": "texture", "texture": "wakanda:textures/icons/abilities/stats/basic_icon.png"},	
            "potion": "minecraft:weakness"
		},			
		"poison_immunity": {
            "ability": "the-fifth-world:potion_immunity",
            "show_in_bar": false,		
            "title": {"text":"Poison Immunity"},		
			"icon": {"type": "texture", "texture": "wakanda:textures/icons/abilities/stats/basic_icon.png"},	
            "potion": "minecraft:poison"
		},
		"wither_immunity": {
            "ability": "the-fifth-world:potion_immunity",
            "show_in_bar": false,		
            "title": {"text":"Wither Immunity"},		
			"icon": {"type": "texture", "texture": "wakanda:textures/icons/abilities/stats/basic_icon.png"},	
            "potion": "minecraft:wither"	
		},
		"radiation_immunity": {
            "ability": "the-fifth-world:potion_immunity",
            "show_in_bar": false,		
            "title": {"text":"Radiation Immunity"},		
			"icon": {"type": "texture", "texture": "wakanda:textures/icons/abilities/stats/basic_icon.png"},	
            "potion": "lucraftcore:radiation"				
		},
		"precision": {
			"ability": "heroesexpansion:precision",
            "show_in_bar": false,		
            "title": {"text":"Precision"},		
			"icon": {"type": "texture", "texture": "wakanda:textures/icons/abilities/powers/precision.png"}			
		},			
		"night_vision": {
			"ability": "lucraftcore:command_loop",
            "show_in_bar": false,				
			"title": {"text":"Night Vision"},
			"commands": ["/effect @s minecraft:night_vision 3 0 true"],
			"icon": {"type": "texture", "texture": "wakanda:textures/icons/abilities/powers/night_vision.png"}
        },
		"polymer_weave": {
            "ability": "heroesexpansion:kinetic_energy_absorption",
            "show_in_bar": false,
            "title": {"text":"Polymer Weave"},		
			"icon": {"type": "texture", "texture": "wakanda:textures/icons/abilities/stats/tough_skin.png"},	
            "bar_color": "pink",					
            "max_energy": 0,
            "color": [255, 200, 255]		
		},
		"repulsor_blast_damage": {
		    "ability": "lucraftcore:punch",
			"parent_ability": "repulsor_blast",			
            "show_in_bar": false,
            "title": {"text":"Repulsor Blast Damage"},	
			"icon": {"type": "texture", "texture": "wakanda:textures/icons/abilities/stats/increased_strength.png"},		
			"amount": 10,
			"operation": 0,
			"uuid": "48a5f5da-6271-4c5b-9b0c-97c8e73c52cd"	
		},
		"repulsor_blast": {
		    "ability": "heroesexpansion:photon_blast",
			"cooldown": 15,
            "show_in_bar": true,
            "title": {"text":"Repulsor Blast"},	
			"icon": {"type": "texture", "texture": "wakanda:textures/icons/abilities/powers/iron_man/model_21/repulsor_blast.png"},	
            "bar_color": "pink",				
            "damage": 25,
            "color": [206, 100, 160]					
		},
		"flight": {		
			"ability": "lucraftcore:flight",
            "cooldown": 0,			
            "show_in_bar": true,
            "title": {"text":"Flight"},
			"icon": {"type": "texture", "texture": "wakanda:textures/icons/abilities/powers/iron_man/model_21/flight.png"},	
            "bar_color": "pink",				
			"speed": 1.5,
            "sprint_speed": 4.5,
			"rotate_arms": false
		},
		"cloaking": {
			"ability": "lucraftcore:invisibility",
			"cooldown": 1000,		
            "show_in_bar": true,	
            "title": {"text":"Cloaking"},		
			"icon": {"type": "texture", "texture": "wakanda:textures/icons/abilities/powers/iron_man/model_21/invisibility.png"},
            "bar_color": "pink"						
		}
	},
	
	"armor_parts": {
	
		"head": {
			"openable": true,
			"glow": false,
            "bar_color": "pink",	
			"armor_model_scale": 0.5,
			"name": {
				"text": "Iron Man's Helmet"
			},
			"textures": {
				"normal": "wakanda:textures/armor/iron_man_model_21/iron_man_model_21_helmet.png",
				"normal_open": "wakanda:textures/armor/iron_man_model_21/iron_man_model_21_helmet_open.png"				
			},
			"item_texture": {
				"blockstate": "wakanda:iron_man_model_21"
			}
		},
		
		"chest": {
			"openable": false,
			"glow": false,
			"armor_model_scale": 0.252,
			"name": {
				"text": "Iron Man's Chestpiece"
			},
			"textures": {
				"normal": "wakanda:textures/armor/iron_man_model_21/iron_man_model_21_chestpiece.png",
				"normal_smallarms": "wakanda:textures/armor/iron_man_model_21/iron_man_model_21_chestpiece_small.png"					
			},
			"item_texture": {
				"blockstate": "wakanda:iron_man_model_21"
			}
		},
		
		"legs": {
			"openable": false,
			"glow": false,
			"armor_model_scale": 0.25,
			"name": {
				"text": "Iron Man's Leggings"
			},
			"textures": {
				"normal": "wakanda:textures/armor/iron_man_model_21/iron_man_model_21_leggings.png"	
			},
			"item_texture": {
				"blockstate": "wakanda:iron_man_model_21"
			}
		},
		
		"feet": {
			"openable": false,
			"glow": false,
			"armor_model_scale": 0.252,
			"name": {
				"text": "Iron Man's Boots"
			},
			"textures": {
				"normal": "wakanda:textures/armor/iron_man_model_21/iron_man_model_21_boots.png"
			},
			"item_texture": {
				"blockstate": "wakanda:iron_man_model_21"
			}
		}
	}
}