{
	"name": {
		"text": "Kiber the Cruel Android"
	},
	
	"armor_material": {
		"durability": 70,
		"damage_reduction_amounts": [6, 6, 7, 6],
		"enchantibility": 0,
		"toughness": 2.0,
		"sound": "item.armor.equip_generic"
	},

	"description": {
		"text": "Vol. 3"
	},

	"abilities": {
		"strength": {
			"ability": "lucraftcore:strength",
            "show_in_bar": false,		
            "title": {"text":"Strength"},		
			"icon": {"type": "texture", "texture": "wakanda:textures/icons/abilities/stats/strength.png"},						
			"amount": 3.5,
			"operation": 0,
			"uuid": "48a5f5da-6271-4c5b-9b0c-97c8e73c52cd"
		},
		"sprint": {
			"ability": "lucraftcore:sprint",
            "show_in_bar": false,		
            "title": {"text":"Sprint Speed"},		
			"icon": {"type": "texture", "texture": "wakanda:textures/icons/abilities/stats/sprint_speed.png"},			
			"amount": 0.001,
			"operation": 0,
			"uuid": "48a5f5da-6271-4c5b-9b0c-97c8e73c52cd"			
		},
		"jump_boost": {
			"ability": "lucraftcore:jump_boost",		
            "show_in_bar": false,		
            "title": {"text":"Jump Boost"},		
			"icon": {"type": "texture", "texture": "wakanda:textures/icons/abilities/stats/jump_boost.png"},		
			"amount": 1.5,
			"operation": 0,
			"uuid": "48a5f5da-6271-4c5b-9b0c-97c8e73c52cd"
		},
		"fall_resistance": {
			"ability": "lucraftcore:fall_resistance",
            "show_in_bar": false,		
            "title": {"text":"Fall Resistance"},		
			"icon": {"type": "texture", "texture": "wakanda:textures/icons/abilities/stats/fall_resistance.png"},				
			"amount": 25,
			"operation": 0,
			"uuid": "48a5f5da-6271-4c5b-9b0c-97c8e73c52cd"	
		},
		"step_assist": {	
			"ability": "lucraftcore:step_assist",
            "show_in_bar": false,		
            "title": {"text":"Step Assist"},		
			"icon": {"type": "texture", "texture": "wakanda:textures/icons/abilities/stats/step_assist.png"},		
			"amount": 0.5,
			"operation": 0,
			"uuid": "48a5f5da-6271-4c5b-9b0c-97c8e73c52cd"
        },
		"water_breathing": {
			"ability": "lucraftcore:water_breathing",
            "show_in_bar": false,		
            "title": {"text":"Water Breathing"},		
			"icon": {"type": "texture", "texture": "wakanda:textures/icons/abilities/stats/water_breathing.png"}		
		},
		"tough_lungs": {
			"ability": "lucraftcore:tough_lungs",
            "show_in_bar": false,		
            "title": {"text":"Tough Lungs"},	
			"icon": {"type": "texture", "texture": "wakanda:textures/icons/abilities/stats/tough_lungs.png"}
		},					
		"hunger_immunity": {
            "ability": "the-fifth-world:potion_immunity",
            "show_in_bar": false,		
            "title": {"text":"Hunger Immunity"},		
			"icon": {"type": "texture", "texture": "wakanda:textures/icons/abilities/stats/basic_icon.png"},	
            "potion": "minecraft:hunger"			
		},			
		"weakness_immunity": {
            "ability": "the-fifth-world:potion_immunity",
            "show_in_bar": false,		
            "title": {"text":"Weakness Immunity"},		
			"icon": {"type": "texture", "texture": "wakanda:textures/icons/abilities/stats/basic_icon.png"},	
            "potion": "minecraft:weakness"
		},			
		"poison_immunity": {
            "ability": "the-fifth-world:potion_immunity",
            "show_in_bar": false,		
            "title": {"text":"Poison Immunity"},		
			"icon": {"type": "texture", "texture": "wakanda:textures/icons/abilities/stats/basic_icon.png"},	
            "potion": "minecraft:poison"
		},
		"wither_immunity": {
            "ability": "the-fifth-world:potion_immunity",
            "show_in_bar": false,		
            "title": {"text":"Wither Immunity"},		
			"icon": {"type": "texture", "texture": "wakanda:textures/icons/abilities/stats/basic_icon.png"},	
            "potion": "minecraft:wither"		
		},
		"radiation_immunity": {
            "ability": "the-fifth-world:potion_immunity",
            "show_in_bar": false,		
            "title": {"text":"Radiation Immunity"},		
			"icon": {"type": "texture", "texture": "wakanda:textures/icons/abilities/stats/basic_icon.png"},		
            "potion": "lucraftcore:radiation"				
		},
		"self_sustenance": {
            "ability": "infinity:saturation",				
            "show_in_bar": false,		
            "title": {"text":"Self-Sustenance"},		
			"icon": {"type": "texture", "texture": "wakanda:textures/icons/abilities/stats/saturation.png"}			
		},
		"phasing": {
			"ability": "speedsterheroes:phasing",
			"cooldown": 400,			
            "show_in_bar": true,	
            "title": {"text":"Phasing"},		
			"icon": {"type": "texture", "texture": "wakanda:textures/icons/abilities/powers/phasing.png"}
		}
	},
	
	"armor_parts": {
	
		"head": {
			"openable": false,
			"glow": false,
			"armor_model_scale": 0.5,
			"name": {
				"text": "Kiber Guard's Head"
			},
			"textures": {
				"normal": "wakanda:textures/armor/kiber_the_cruel_android_vol_3/kiber_the_cruel_android_vol_3_head.png"
			},
			"item_texture": {
				"blockstate": "wakanda:kiber_the_cruel_android_vol_3"
			}
		},
		
		"chest": {
			"openable": false,
			"glow": false,
			"armor_model_scale": 0.252,
			"name": {
				"text": "Kiber Guard's Torso"
			},
			"textures": {
				"normal": "wakanda:textures/armor/kiber_the_cruel_android_vol_3/kiber_the_cruel_android_vol_3_chestpiece.png",
				"normal_smallarms": "wakanda:textures/armor/kiber_the_cruel_android_vol_3/kiber_the_cruel_android_vol_3_chestpiece_small.png"
			},
			"item_texture": {
				"blockstate": "wakanda:kiber_the_cruel_android_vol_3"
			}
		},
		
		"legs": {
			"openable": false,
			"glow": false,
			"armor_model_scale": 0.25,
			"name": {
				"text": "Kiber Guard's Legs"
			},
			"textures": {
				"normal": "wakanda:textures/armor/kiber_the_cruel_android_vol_3/kiber_the_cruel_android_vol_3_leggings.png"
			},
			"item_texture": {
				"blockstate": "wakanda:kiber_the_cruel_android_vol_3"
			}
		},
		
		"feet": {
			"openable": false,
			"glow": false,
			"armor_model_scale": 0.252,
			"name": {
				"text": "Kiber Guard's Feet"
			},
			"textures": {
				"normal": "wakanda:textures/armor/kiber_the_cruel_android_vol_3/kiber_the_cruel_android_vol_3_boots.png"
			},
			"item_texture": {
				"blockstate": "wakanda:kiber_the_cruel_android_vol_3"
			}
		}
	}
}