{
	"name": {
		"text": "Man Ape"
	},
	
	"armor_material": {
		"durability": 125,
		"damage_reduction_amounts": [2, 3, 3, 2],
		"enchantibility": 0,
		"toughness": 2.0,
		"sound": "item.armor.equip_generic"
	},

    "creative_tab": "wakanda",
	
    "description": {
        "text": "Vol. 3"
    },
	
    "effects": [
        {
            "type": "name_change",
            "name": {
                "text": "Man Ape"
            }
        }    
    ],
	
	"abilities": {
		"fall_resistance": {
			"ability": "lucraftcore:fall_resistance",
            "show_in_bar": false,		
            "title": {"text":"Fall Resistance"},		
			"icon": {"type": "texture", "texture": "wakanda:textures/icons/abilities/stats/fall_resistance.png"},					
			"amount": 25,
			"operation": 0,
			"uuid": "48a5f5da-6271-4c5b-9b0c-97c8e73c52cd"
		},
		"fire_resistance": {			
			"ability": "lucraftcore:fire_resistance",
            "show_in_bar": false,		
            "title": {"text":"Fire Resistance"},		
			"icon": {"type": "texture", "texture": "wakanda:textures/icons/abilities/stats/fire_resistance.png"}
		}
	},
	
	"armor_parts": {
	
		"head": {
			"openable": true,
			"glow": true,
			"armor_model_scale": 0.5,
			"name": {
				"text": "Man Ape's Head"
			},
			"textures": {
				"normal": "wakanda:textures/armor/man_ape_vol_3/man_ape_vol_3_helmet.png",
				"normal_open": "wakanda:textures/armor/man_ape_vol_3/man_ape_vol_3_helmet_eyes.png",
				"glow": "wakanda:textures/armor/man_ape_vol_3/man_ape_vol_3_helmet_eyes_no_glow.png",
				"glow_open": "wakanda:textures/armor/man_ape_vol_3/man_ape_vol_3_helmet_eyes_glow.png"
			},
			"item_texture": {
				"blockstate": "wakanda:man_ape_vol_3"
			}
		},
		
		"chest": {
			"openable": false,
			"glow": false,
			"armor_model_scale": 0.252,
			"name": {
				"text": "Man Ape's Torso"
			},
			"textures": {
				"normal": "wakanda:textures/armor/man_ape_vol_3/man_ape_vol_3_chestpiece.png",
				"normal_smallarms": "wakanda:textures/armor/man_ape_vol_3/man_ape_vol_3_chestpiece_small.png"
			},
			"item_texture": {
				"blockstate": "wakanda:man_ape_vol_3"
			}
		},
		
		"legs": {
			"openable": false,
			"glow": false,
			"armor_model_scale": 0.25,
			"name": {
				"text": "Man Ape's Legs"
			},
			"textures": {
				"normal": "wakanda:textures/armor/man_ape_vol_3/man_ape_vol_3_leggings.png"
			},
			"item_texture": {
				"blockstate": "wakanda:man_ape_vol_3"
			}
		},
		
		"feet": {
			"openable": false,
			"glow": false,
			"armor_model_scale": 0.252,
			"name": {
				"text": "Man Ape's Feet"
			},
			"textures": {
				"normal": "wakanda:textures/armor/man_ape_vol_3/man_ape_vol_3_boots.png"
			},
			"item_texture": {
				"blockstate": "wakanda:man_ape_vol_3"
			}
		}
	}
}