{
	"name": {
		"text": "Mister Little"
	},

	"armor_material": {
		"durability": 40,
		"damage_reduction_amounts": [1, 2, 3, 1],
		"enchantibility": 15,
		"toughness": 0.0,
		"sound": "item.armor.equip_generic"
	},
	
	"abilities": {
		"size_change": {		
			"ability": "lucraftcore:size_change",
			"cooldown": 0,
            "show_in_bar": true,		
            "title": {"text":"Size Change"},		
			"icon": {"type": "texture", "texture": "wakanda:textures/icons/abilities/powers/size_change.png"},			
			"size": 0.70,
            "size_changer": "lucraftcore:default"	
		},			
		"strength": {
			"ability": "lucraftcore:strength",
			"required_ability": "size_change",				
            "show_in_bar": false,		
            "title": {"text":"Strength"},		
			"icon": {"type": "texture", "texture": "wakanda:textures/icons/abilities/stats/strength.png"},				
			"amount": 1.5,
			"operation": 0,
			"uuid": "48a5f5da-6271-4c5b-9b0c-97c8e73c52cd"
		},
		"sprint": {
			"ability": "lucraftcore:sprint",
			"required_ability": "size_change",				
            "show_in_bar": false,		
            "title": {"text":"Sprint Speed"},		
			"icon": {"type": "texture", "texture": "wakanda:textures/icons/abilities/stats/sprint_speed.png"},				
			"amount": 0.001,
			"operation": 0,
			"uuid": "48a5f5da-6271-4c5b-9b0c-97c8e73c52cd"
		},
		"fall_resistance": {
			"ability": "lucraftcore:fall_resistance",
			"required_ability": "size_change",				
            "show_in_bar": false,		
            "title": {"text":"Fall Resistance"},		
			"icon": {"type": "texture", "texture": "wakanda:textures/icons/abilities/stats/fall_resistance.png"},			
			"amount": 8,
			"operation": 0,
			"uuid": "48a5f5da-6271-4c5b-9b0c-97c8e73c52cd"
		},
		"step_assist": {
			"ability": "lucraftcore:step_assist",
			"required_ability": "size_change",			
            "show_in_bar": false,		
            "title": {"text":"Step Assist"},		
			"icon": {"type": "texture", "texture": "wakanda:textures/icons/abilities/stats/step_assist.png"},		
			"amount": 0.5,
			"operation": 0,
			"uuid": "48a5f5da-6271-4c5b-9b0c-97c8e73c52cd"		
		}
	},
	
	"armor_parts": {
	
		"head": {
			"openable": true,
			"glow": false,
			"armor_model_scale": 0.5,
			"name": {
				"text": "Mister Little's Hat"
			},
			"textures": {
				"normal": "wakanda:textures/armor/mister_little/mister_littles_hat.png",
				"normal_open": "wakanda:textures/armor/mister_little/mister_littles_hat_off.png"
			},
			"item_texture": {
				"blockstate": "wakanda:mister_little"
			}
		},
		
		"chest": {
			"openable": false,
			"glow": false,
			"armor_model_scale": 0.252,
			"name": {
				"text": "Mister Little's Jacket"
			},
			"textures": {
				"normal": "wakanda:textures/armor/mister_little/mister_littles_chestpiece.png",
				"normal_smallarms": "wakanda:textures/armor/mister_little/mister_littles_chestpiece_small.png"
			},
			"item_texture": {
				"blockstate": "wakanda:mister_little"
			}
		},

		"legs": {
			"openable": false,
			"glow": false,
			"armor_model_scale": 0.25,
			"name": {
				"text": "Mister Little's Pants"
			},
			"textures": {
				"normal": "wakanda:textures/armor/mister_little/mister_littles_leggings.png"

			},
			"item_texture": {
				"blockstate": "wakanda:mister_little"
			}
		},

		"feet": {
			"openable": false,
			"glow": false,
			"armor_model_scale": 0.252,
			"name": {
				"text": "Mister Little's Shoes"
			},
			"textures": {
				"normal": "wakanda:textures/armor/mister_little/mister_littles_shoes.png"

			},
			"item_texture": {
				"blockstate": "wakanda:mister_little"
			}
		}
	}
}