{
	"name": {
		"text": "Pantherpool"
	},
	
	"armor_material": {
		"durability": 250,
		"damage_reduction_amounts": [3, 3, 3, 3],
		"enchantibility": 20,
		"toughness": 2.0,
		"sound": "item.armor.equip_generic"
	},

    "creative_tab": "panther_habit",
	
 "description": {
        "text": "Deadpool"
    },
	
    "effects": [
		{
            "type": "name_change",
            "name": {
                "text": "Pantherpool"
            }
        }    
    ],
	
	"abilities": {
		"fall_resistance": {
			"ability": "lucraftcore:fall_resistance",
            "show_in_bar": false,		
            "title": {"text":"Fall Resistance"},		
			"icon": {"type": "texture", "texture": "wakanda:textures/icons/abilities/stats/fall_resistance.png"},		
			"amount": 100,
			"operation": 0,
			"uuid": "48a5f5da-6271-4c5b-9b0c-97c8e73c52cd"
		},
		"knockback_resistance": {
			"ability": "lucraftcore:knockback_resistance",
            "show_in_bar": false,		
            "title": {"text":"Knockback Resistance"},		
			"icon": {"type": "texture", "texture": "wakanda:textures/icons/abilities/stats/knockback_resistance.png"},	
			"amount": 0.3,
			"operation": 0,
			"uuid": "48a5f5da-6271-4c5b-9b0c-97c8e73c52cd"
		},
		"fire_resistance": {
			"ability": "lucraftcore:fire_resistance",
            "show_in_bar": false,		
            "title": {"text":"Fire Resistance"},		
			"icon": {"type": "texture", "texture": "wakanda:textures/icons/abilities/stats/fire_resistance.png"}
		},			
		"poison_immunity": {
            "ability": "the-fifth-world:potion_immunity",
            "show_in_bar": false,		
            "title": {"text":"Poison Immunity"},		
			"icon": {"type": "texture", "texture": "wakanda:textures/icons/abilities/stats/basic_icon.png"},	
            "potion": "minecraft:poison"
		},
		"wither_immunity": {
            "ability": "the-fifth-world:potion_immunity",
            "show_in_bar": false,		
            "title": {"text":"Wither Immunity"},		
			"icon": {"type": "texture", "texture": "wakanda:textures/icons/abilities/stats/basic_icon.png"},	
            "potion": "minecraft:wither"		
		},
		"vibranium_microweave_mesh": {
            "ability": "heroesexpansion:kinetic_energy_absorption",
            "hidden": true,			
            "show_in_bar": false,				
            "title": {"text":"Vibranium Microweave Mesh"},		
			"icon": {"type": "texture", "texture": "wakanda:textures/icons/abilities/stats/tough_skin.png"},	
            "bar_color": "red",				
            "max_energy": 0,
            "color": [180, 60, 180]			
		},
		"anti_metal_claws": {
			"ability": "lucraftcore:punch",
            "show_in_bar": false,		
            "title": {"text":"Anti-Metal Claws"},		
			"icon": {"type": "texture", "texture": "wakanda:textures/icons/abilities/stats/punch.png"},			
			"amount": 2.3,
			"operation": 1,
			"uuid": "48a5f5da-6271-4c5b-9b0c-97c8e73c52cd",	
			"conditions": [
				{
					"type": "lucraftcore:open_armor",
					"slot": "chest"
				}
			]
		},
		"wall_scaling": {
			"ability": "heroesexpansion:wall_crawling",
			"cooldown": 0,
            "show_in_bar": true,		
            "title": {"text":"Wall Scaling"},		
			"icon": {"type": "texture", "texture": "wakanda:textures/icons/abilities/powers/wall_crawling.png"},
			"bar_color": "black",
			"conditions": [
				{
					"type": "lucraftcore:open_armor",
					"slot": "chest"
				}
			]	
		},
		"teleporter": {		
		    "ability": "lucraftcore:teleport",
		    "cooldown": 10,
		    "distance": 50,		
            "show_in_bar": true,
			"title": {"text": "Teleporter"},	
			"icon": {"type": "texture", "texture": "wakanda:textures/icons/abilities/powers/teleport.png"},
            "bar_color": "red"				
		}
	},
	
	"armor_parts": {
	
		"head": {
			"openable": true,
			"glow": false,
			"armor_model_scale": 0.5,
			"name": {
				"text": "Pantherpool's Mask"
			},
			"textures": {
				"normal": "wakanda:textures/armor/pantherpool/pantherpools_mask.png",
				"normal_open": "wakanda:textures/armor/pantherpool/pantherpools_mask_off.png"	   
			},
			"item_texture": {
				"blockstate": "wakanda:pantherpool"
			}
		},
		
		"chest": {
			"openable": true,
			"glow": false,
			"armor_model_scale": 0.252,
			"name": {
				"text": "Pantherpool's Chestpiece"
			},
			"textures": {
				"normal": "wakanda:textures/armor/pantherpool/pantherpools_chestpiece.png",
				"normal_smallarms": "wakanda:textures/armor/pantherpool/pantherpools_chestpiece_small.png",
				"normal_open": "wakanda:textures/armor/pantherpool/pantherpools_chestpiece.png",
				"normal_smallarms_open": "wakanda:textures/armor/pantherpool/pantherpools_chestpiece_small.png"		
			},
			"item_texture": {
				"blockstate": "wakanda:pantherpool"
			}
		},
		
		"legs": {
			"openable": false,
			"glow": false,
			"armor_model_scale": 0.25,
			"name": {
				"text": "Pantherpool's Leggings"
			},
			"textures": {
				"normal": "wakanda:textures/armor/pantherpool/pantherpools_leggings.png"
			},
			"item_texture": {
				"blockstate": "wakanda:pantherpool"
			}
		},
		
		"feet": {
			"openable": false,
			"glow": false,
			"armor_model_scale": 0.252,
			"name": {
				"text": "Pantherpool's Boots"
			},
			"textures": {
				"normal": "wakanda:textures/armor/pantherpool/pantherpools_boots.png"
			},
			"item_texture": {
				"blockstate": "wakanda:pantherpool"
			}
		}
	}
}