{
	"name": {
		"text": "Shuri"
	},
	
	"armor_material": {
		"durability": 70,
		"damage_reduction_amounts": [4, 5, 7, 3],
		"enchantibility": 10,
		"toughness": 2.0,
		"sound": "item.armor.equip_generic"
	},

    "creative_tab": "wakanda",
	
 "description": {
        "text": "MCU"
    },
	
	"abilities": {
		"punch": {		
			"ability": "lucraftcore:punch",
            "show_in_bar": false,		
            "title": {"text":"Punch"},		
            "icon": { "type": "internal" },					
			"amount": 2,
			"operation": 0,
			"uuid": "48a5f5da-6271-4c5b-9b0c-97c8e73c52cd"
		},
		"jump_boost": {
			"ability": "lucraftcore:jump_boost",		
            "show_in_bar": false,		
            "title": {"text":"Jump Boost"},		
            "icon": { "type": "internal" },		
			"amount": 1.2,
			"operation": 0,
			"uuid": "48a5f5da-6271-4c5b-9b0c-97c8e73c52cd"
        },
		"fall_resistance": {		
			"ability": "lucraftcore:fall_resistance",
            "show_in_bar": false,		
            "title": {"text":"Fall Resistance"},		
            "icon": { "type": "internal" },				
			"amount": 10,
			"operation": 0,
			"uuid": "48a5f5da-6271-4c5b-9b0c-97c8e73c52cd"			
        },
		"vibrational_beam": {
		    "ability": "heroesexpansion:photon_blast",
			"cooldown": 10,
            "show_in_bar": true,
            "title": {"text":"Vibrational Beam"},	
            "icon": { "type": "internal" },			
            "color": [50, 125, 200],
			"conditions": [
				{
					"type": "lucraftcore:open_armor",
					"slot": "chest"
				}
			]
		},
		"vibrational_beam_damage": {
		    "ability": "lucraftcore:punch",
			"parent_ability": "vibrational_gauntlets",			
            "show_in_bar": false,
            "title": {"text":"Vibrational Beam Damage"},	
			"icon": {"type": "texture", "texture": "wakanda:textures/icons/abilities/stats/increased_strength.png"},		
			"amount": 9,
			"operation": 0,
			"uuid": "48a5f5da-6271-4c5b-9b0c-97c8e73c52cd",				
			"conditions": [
				{
					"type": "lucraftcore:open_armor",
					"slot": "chest"
				}
			]
		}
	},
	
	"armor_parts": {
	
		"chest": {
			"openable": true,
			"glow": true,
			"armor_model_scale": 0.252,
			"name": {
				"text": "Shuri's Chestpiece"
			},
			"textures": {
				"normal": "wakanda:textures/armor/shuri_mcu/shuri_mcu_chestpiece.png",
				"normal_smallarms": "wakanda:textures/armor/shuri_mcu/shuri_mcu_chestpiece_small.png",
				"normal_open": "wakanda:textures/armor/shuri_mcu/shuri_mcu_chestpiece_gauntlets.png",
				"normal_smallarms_open": "wakanda:textures/armor/shuri_mcu/shuri_mcu_chestpiece_gauntlets_small.png",				
				"glow": "wakanda:textures/armor/shuri_mcu/no_glow.png",
				"glow_smallarms": "wakanda:textures/armor/shuri_mcu/no_glow.png",
				"glow_open": "wakanda:textures/armor/shuri_mcu/shuri_mcu_gauntlets_glow.png",
				"glow_smallarms_open": "wakanda:textures/armor/shuri_mcu/shuri_mcu_gauntlets_small_glow.png"
			},
			"item_texture": {
				"blockstate": "wakanda:shuri_mcu"
			}
		},
		
		"legs": {
			"openable": false,
			"glow": false,
			"armor_model_scale": 0.25,
			"name": {
				"text": "Shuri's Leggings"
			},
			"textures": {
				"normal": "wakanda:textures/armor/shuri_mcu/shuri_mcu_leggings.png"
			},
			"item_texture": {
				"blockstate": "wakanda:shuri_mcu"
			}
		},
		
		"feet": {
			"openable": false,
			"glow": false,
			"armor_model_scale": 0.252,
			"name": {
				"text": "Shuri's Boots"
			},
			"textures": {
				"normal": "wakanda:textures/armor/shuri_mcu/shuri_mcu_boots.png"
			},
			"item_texture": {
				"blockstate": "wakanda:shuri_mcu"
			}
		}
	}
}