{
	"name": {
		"text": "Storm"
	},
	
	"armor_material": {
		"durability": 70,
		"damage_reduction_amounts": [5, 5, 6, 3],
		"enchantibility": 0,
		"toughness": 0.0,
		"sound": "item.armor.equip_generic"
	},

 "description": {
        "text": "Modern"
    },

	"armor_parts": {
	
		"chest": {
			"openable": false,
			"glow": false,
			"armor_model_scale": 0.252,
			"name": {
				"text": "Storm's Chestpiece"
			},
			"textures": {
				"normal": "wakanda:textures/armor/storm_modern/storm_modern_chestpiece.png",
				"normal_smallarms": "wakanda:textures/armor/storm_modern/storm_modern_chestpiece_small.png"
			},
			"item_texture": {
				"blockstate": "wakanda:storm_modern"
			}
		},
		
		"legs": {
			"openable": false,
			"glow": false,
			"armor_model_scale": 0.25,
			"name": {
				"text": "Storm's Leggings"
			},
			"textures": {
				"normal": "wakanda:textures/armor/storm_modern/storm_modern_leggings.png"
			},
			"item_texture": {
				"blockstate": "wakanda:storm_modern"
			}
		},
		
		"feet": {
			"openable": false,
			"glow": false,
			"armor_model_scale": 0.252,
			"name": {
				"text": "Storm's Boots"
			},
			"textures": {
				"normal": "wakanda:textures/armor/storm_modern/storm_modern_boots.png"
			},
			"item_texture": {
				"blockstate": "wakanda:storm_modern"
			}
		}
	}
}