{
	"name": {
		"text": "Tuxedo"
	},

	"armor_material": {
		"durability": 15,
		"damage_reduction_amounts": [1, 2, 3, 1],
		"enchantibility": 0,
		"toughness": 0.0,
		"sound": "item.armor.equip_generic"
	},

	"armor_parts": {

		"chest": {
			"openable": false,
			"glow": false,
			"armor_model_scale": 0.252,
			"name": {
				"text": "Tuxedo Jacket"
			},
			"textures": {
				"normal": "wakanda:textures/armor/tuxedo/tuxedo_jacket.png",
				"normal_smallarms": "wakanda:textures/armor/tuxedo/tuxedo_jacket_small.png"
			},
			"item_texture": {
				"blockstate": "wakanda:tuxedo"
			}
		},

		"legs": {
			"openable": false,
			"glow": false,
			"armor_model_scale": 0.25,
			"name": {
				"text": "Tuxedo Pants"
			},
			"textures": {
				"normal": "wakanda:textures/armor/tuxedo/tuxedo_pants.png"

			},
			"item_texture": {
				"blockstate": "wakanda:tuxedo"
			}
		},

		"feet": {
			"openable": false,
			"glow": false,
			"armor_model_scale": 0.252,
			"name": {
				"text": "Tuxedo Shoes"
			},
			"textures": {
				"normal": "wakanda:textures/armor/tuxedo/tuxedo_shoes.png"

			},
			"item_texture": {
				"blockstate": "wakanda:tuxedo"
			}
		}
	}
}