{
  "name": "bear_construct",
  "texture_size": [
    128,
    64
  ],
  "textures": {
    "color_texture": "wakanda:textures/constructs/bear.png",
    "texture": ""
  },
  "model_cubes": [
    {
      "cube_name": "field_78148_b - 0",
      "texture_offset": [
        0,
        19
      ],
      "position": [
        -2.0,
        9.0,
        12.0
      ],
      "offset": [
        -5.0,
        -13.0,
        -7.0
      ],
      "dimensions": [
        14,
        14,
        11
      ],
      "rotation_angles": [
        90.0,
        0.0,
        0.0
      ],
      "mirror": false,
      "custom_scale": [
        1.0,
        1.0,
        1.0
      ]
    },
    {
      "cube_name": "field_78148_b - 1",
      "texture_offset": [
        39,
        0
      ],
      "position": [
        -2.0,
        9.0,
        12.0
      ],
      "offset": [
        -4.0,
        -25.0,
        -7.0
      ],
      "dimensions": [
        12,
        12,
        10
      ],
      "rotation_angles": [
        90.0,
        0.0,
        0.0
      ],
      "mirror": false,
      "custom_scale": [
        1.0,
        1.0,
        1.0
      ]
    },
    {
      "cube_name": "field_78146_d",
      "texture_offset": [
        50,
        22
      ],
      "position": [
        4.5,
        14.0,
        6.0
      ],
      "offset": [
        -2.0,
        0.0,
        -2.0
      ],
      "dimensions": [
        4,
        10,
        8
      ],
      "rotation_angles": [
        -0.0,
        0.0,
        0.0
      ],
      "mirror": false,
      "custom_scale": [
        1.0,
        1.0,
        1.0
      ]
    },
    {
      "cube_name": "field_78144_f",
      "texture_offset": [
        50,
        40
      ],
      "position": [
        3.5,
        14.0,
        -8.0
      ],
      "offset": [
        -2.0,
        0.0,
        -2.0
      ],
      "dimensions": [
        4,
        10,
        6
      ],
      "rotation_angles": [
        0.0,
        0.0,
        0.0
      ],
      "mirror": false,
      "custom_scale": [
        1.0,
        1.0,
        1.0
      ]
    },
    {
      "cube_name": "field_78149_c",
      "texture_offset": [
        50,
        22
      ],
      "position": [
        -4.5,
        14.0,
        6.0
      ],
      "offset": [
        -2.0,
        0.0,
        -2.0
      ],
      "dimensions": [
        4,
        10,
        8
      ],
      "rotation_angles": [
        0.0,
        0.0,
        0.0
      ],
      "mirror": false,
      "custom_scale": [
        1.0,
        1.0,
        1.0
      ]
    },
    {
      "cube_name": "field_78147_e",
      "texture_offset": [
        50,
        40
      ],
      "position": [
        -3.5,
        14.0,
        -8.0
      ],
      "offset": [
        -2.0,
        0.0,
        -2.0
      ],
      "dimensions": [
        4,
        10,
        6
      ],
      "rotation_angles": [
        -0.0,
        0.0,
        0.0
      ],
      "mirror": false,
      "custom_scale": [
        1.0,
        1.0,
        1.0
      ]
    },
    {
      "cube_name": "field_78150_a - 0",
      "texture_offset": [
        0,
        0
      ],
      "position": [
        0.0,
        10.0,
        -16.0
      ],
      "offset": [
        -3.5,
        -3.0,
        -3.0
      ],
      "dimensions": [
        7,
        7,
        7
      ],
      "rotation_angles": [
        0.0,
        0.0,
        0.0
      ],
      "mirror": false,
      "custom_scale": [
        1.0,
        1.0,
        1.0
      ]
    },
    {
      "cube_name": "field_78150_a - 1",
      "texture_offset": [
        0,
        44
      ],
      "position": [
        0.0,
        10.0,
        -16.0
      ],
      "offset": [
        -2.5,
        1.0,
        -6.0
      ],
      "dimensions": [
        5,
        3,
        3
      ],
      "rotation_angles": [
        0.0,
        0.0,
        0.0
      ],
      "mirror": false,
      "custom_scale": [
        1.0,
        1.0,
        1.0
      ]
    },
    {
      "cube_name": "field_78150_a - 2",
      "texture_offset": [
        26,
        0
      ],
      "position": [
        0.0,
        10.0,
        -16.0
      ],
      "offset": [
        -4.5,
        -4.0,
        -1.0
      ],
      "dimensions": [
        2,
        2,
        1
      ],
      "rotation_angles": [
        0.0,
        0.0,
        0.0
      ],
      "mirror": false,
      "custom_scale": [
        1.0,
        1.0,
        1.0
      ]
    },
    {
      "cube_name": "field_78150_a - 3",
      "texture_offset": [
        26,
        0
      ],
      "position": [
        0.0,
        10.0,
        -16.0
      ],
      "offset": [
        2.5,
        -4.0,
        -1.0
      ],
      "dimensions": [
        2,
        2,
        1
      ],
      "rotation_angles": [
        0.0,
        0.0,
        0.0
      ],
      "mirror": true,
      "custom_scale": [
        1.0,
        1.0,
        1.0
      ]
    }
  ]
}