{
    "name" : {
        "text": "Iron Man's Suit Sensors"
    },

    "icon": {
        "type": "texture",
        "texture": "dfheroes:textures/icons/ironman_icon.png"
    },

    "max_level": 50,

    "capsule_color" : 1179677,
	
	"abilities": [
		{
			"ability": "lucraftcore:health",
			"amount": 10,
			"operation": 0,
			"uuid": "b2930a55-fa9d-4124-bb58-2ba3169d1495"
		},
		{
			"ability": "lucraftcore:stength",
			"amount": 6,
			"operation": 0,
			"uuid": "b2930a55-fa9d-4124-bb58-2ba3169d1495"	
		},
		{
			"ability": "lucraftcore:punch",
			"amount": 5,
			"operation": 0,
			"uuid": "b2930a55-fa9d-4124-bb58-2ba3169d1495"	
		},
		{
			"ability": "the-fifth-world:summon_entity",
			"cooldown": 200,
			"entity": "minecraft:bat",
			"number": 10,
			"required_level": 5
		},
		{
			"ability": "heroesexpansion:kinetic_energy_absorption",
			"max_energy": 500,
			"color": [255,255,255],
			"title": {"Because I'm Batman!"},
			"required_level": 10
		},
		{
			"ability": "lucraftcore:invisibility",
			"cooldown": 100,
			"required_level": 20
		},
		{
			"ability": "lucraftcore:energy_blast",
			"cooldown": 1000,
			"damage": 50,
			"color": [255,0,255],
			"title": {"Bat-Snap"},
			"required_level": 50
		}
	],
	
	"effects": [
	]
	
}