{
	"name" : {
		"text": "Super Speed"
	},

	"icon": {
		"type": "texture",
		"texture": "dfheroes:textures/icons/speedforce_icon.png"
	},
	
	"max_level": 2,
	
	"capsule_color" : 47046,
	
	"effects": [
		{
			"type": "trail",
			"trail_type": "lightnings",
			"color": [0,1,1],
			"use_suit_trails": true,
			"conditions": [
				{
					"type": "ability_enabled",
					"ability": "lucraftcore:toggle_power"
				},
				{
					"type": "moving"
				}
			]
		}
	],
	
	"abilities": [
		{
			"ability": "lucraftcore:toggle_power",
			"title": {"text":"Super Speed"},
			"abilities": [  ],
			"icon": {
						"type": "texture",
						"texture": "dfheroes:textures/icons/speedforce_icon.png"
					}
		},
		{
			"ability": "lucraftcore:sprint",
			"amount": 7,
			"operation": 0,
			"uuid": "b2930a55-fa9d-4124-bb58-2ba3169d1495",
			"required_ability": "toggle_power"
		},
		{
			"ability": "lucraftcore:strength",
			"amount": 1,
			"operation": 0,
			"uuid": "ff38d1b5-fd0c-4063-ae71-0838291e118e"
		},
		{
			"ability": "lucraftcore:punch",
			"amount": 1,
			"operation": 0,
			"uuid": "ff38d1b5-fd0c-4063-ae71-0838291e118e"
		},
		{
			"ability": "lucraftcore:fall_resistance",
			"amount": 1,
			"operation": 0,
			"uuid": "ff38d1b5-fd0c-4063-ae71-0838291e118e"
		},
		{
			"ability": "lucraftcore:jump_boost",
			"amount": 1,
			"operation": 0,
			"uuid": "ff38d1b5-fd0c-4063-ae71-0838291e118e"
		},
		{
			"ability": "lucraftcore:step_assist",
			"amount": 1,
			"operation": 0,
			"uuid": "b2930a55-fa9d-4124-bb58-2ba3169d1495"
		}
	]
}
