{
    "name" : {
        "text": "The Spirit of Vengeance"
    },

    "icon": {
        "type": "texture",
        "texture": "dfheroes:textures/icons/ghost_rider_icon.png"
    },

    "max_level": 1,

    "capsule_color" : 16747520,

    "abilities": [
		{
			"ability": "lucraftcore:fire_resistance"
		},
		{
            "ability": "lucraftcore:healing",
            "frequency": 10,
            "amount": 2
        },
		{
			"ability": "lucraftcore:health",
			"amount": 15,
			"operation": 0,
			"uuid": "b2930a55-fa9d-4124-bb58-2ba3169d1495"
		},
		{
			"ability": "lucraftcore:jump_boost",
			"amount": 2.5,
			"operation": 0,
			"uuid": "b2930a55-fa9d-4124-bb58-2ba3169d1495"
		},
		{
			"ability": "lucraftcore:stength",
			"amount": 10,
			"operation": 0,
			"uuid": "b2930a55-fa9d-4124-bb58-2ba3169d1495"	
		},
		{
			"ability": "lucraftcore:punch",
			"amount": 9,
			"operation": 0,
			"uuid": "b2930a55-fa9d-4124-bb58-2ba3169d1495"	
		},
		{
			"ability": "lucraftcore:resistance",
			"amount": 9,
			"operation": 0,
			"uuid": "b2930a55-fa9d-4124-bb58-2ba3169d1495"
		},
		{
			"ability": "lucraftcore:fall_resistance",
			"amount": 9,
			"operation": 0,
			"uuid": "b2930a55-fa9d-4124-bb58-2ba3169d1495"
		},
		{
			"ability": "lucraftcore:fire_punch",
			"cooldown": 0,
			"title": {"text":"Vengeance"},
			"icon": {
				"type": "texture",
				"texture": "dfheroes:textures/icons/ghost_rider_icon.png"
			}
		}
	],
	
	"effects": [
	    {
		"type": "skin_change",
		"texture": "dfheroes:textures/skins/ghost_rider_skin.png",
		"conditions": [
				{
				 	"type": "ability_enabled",
				 	"ability": "lucraftcore:fire_punch"
				}
		    ]
	    },
		{
           "type": "skin_overlay",
           "texture": "dfheroes:textures/skins/ghost_rider_fire.png",
           "glow": true,
           "size": 0,
		   "conditions": [
				{
				 	"type": "ability_enabled",
				 	"ability": "lucraftcore:fire_punch"
				}
		    ]
		},
		{
			"type": "glowing_hand",
			"color": [1, 0.5, 0],
			"size": 1,
			"conditions": [
				{
					"type": "ability_enabled",
					"ability": "lucraftcore:fire_punch"
				}
			]
		}
	]
}