{
	"name": {
		"text": "Mighty Martha: HISHE"
	},
	
	"icon": {
		"type": "texture",
		"texture": "dfheroes:textures/icons/mighty_martha_icon.png"
	},
	
	"max_level": 1,
	
	"capsule_color" : 16770048,

	"abilities": [
		{
			"ability": "lucraftcore:fire_resistance"
		},
		{
			"ability": "lucraftcore:tough_lungs"
		},
		{
			"ability": "lucraftcore:water_breathing"
		},
		{
			"ability": "lucraftcore:flight"                  
	    },
		{
		    "ability": "heroesexpansion:photon_blast",
			"cooldown": 20,
            "color": [1.0, 0.0, 1.0]
		},
		{
			"ability": "lucraftcore:slowfall"
		},
		{
            "ability": "lucraftcore:healing",
            "frequency": 10,
            "amount": 5
        },
		{
			"ability": "lucraftcore:health",
			"amount": 20,
			"operation": 0,
			"uuid": "b2930a55-fa9d-4124-bb58-2ba3169d1495"
		},
		{
			"ability": "lucraftcore:jump_boost",
			"amount": 5.5,
			"operation": 0,
			"uuid": "b2930a55-fa9d-4124-bb58-2ba3169d1495"
		},
		{
			"ability": "lucraftcore:stength",
			"amount": 20,
			"operation": 0,
			"uuid": "b2930a55-fa9d-4124-bb58-2ba3169d1495"	
		},
		{
			"ability": "lucraftcore:punch",
			"amount": 16,
			"operation": 0,
			"uuid": "b2930a55-fa9d-4124-bb58-2ba3169d1495"
		},
		{
			"ability": "lucraftcore:resistance",
			"amount": 30,
			"operation": 0,
			"uuid": "b2930a55-fa9d-4124-bb58-2ba3169d1495"
		},
		{
			"ability": "lucraftcore:fall_resistance",
			"amount": 15,
			"operation": 0,
			"uuid": "b2930a55-fa9d-4124-bb58-2ba3169d1495"
		}
	],
	
	"effects": [
		{
		"type": "skin_change",
        "texture": "dfheroes:textures/skins/mightymartha_skin.png"
	    },
		{
			"type": "glowing_hand",
			"color": [1, 0, 1],
			"size": 1.2,
			"conditions": [
				{
					"type": "ability_enabled",
					"ability": "heroesexpansion:photon_blast"
				}
			]
		}

	]
}